doc_id,source,date,platform_mentioned,text,url,relevant,video_context,role,intent_code,primary_blocker,secondary_blocker,purchase_stage,unresolved_question,information_sought,external_workaround,conversion_proximity,severity_1_5,confidence_1_5,evidence_quote,quote_valid
play_myntra_0182,play_store,2026-08-07,myntra,"Myntra is one of the better choices in India for clothes, shoes and fashion, especially when buying from established brands. However, I'd still check the seller, product reviews/photos, return policy and size chart before ordering expensive items.",https://play.google.com/store/apps/details?id=com.myntra.android&reviewId=f5a0fb8e-8926-4a5e-bbee-96b9ec396da1,YES,not_applicable,advising,,,,consideration,,size,,low,1,5,"check the seller, product reviews/photos, return policy",True
play_myntra_0207,play_store,2026-07-18,myntra,be aware... myntra app & customer service quality went so down. they reject your exchange/return by any reason & leave u stuck. customer care is not at all easily approachable. still if u reach them by any chance they'll listen u & in d end they'll tell u for feedback & if u don't then in backhand they'll reject again. I mean no professionalism. not at all. so stopped using this app.,https://play.google.com/store/apps/details?id=com.myntra.android&reviewId=7c0434fd-f090-441c-b308-1310e6e531ad,YES,not_applicable,,,BLOCK_RETURN_FRICTION,,post_purchase,,,,low,5,5,they reject your exchange/return by any reason,True
play_myntra_0424,play_store,2026-07-19,myntra,first time product le rahi hu dekhte hai kaise feeling deti hai 🫂i. hop god,https://play.google.com/store/apps/details?id=com.myntra.android&reviewId=52338c7f-25fa-4cb8-bca6-a0a01dbb4a6e,YES,not_applicable,,INTENT_GENUINE,,,decision,,,,high,1,5,first time product le rahi hu,True
play_myntra_0601,play_store,2026-08-17,myntra,Too Much AI Slop! Small Brands that make poor quality clothing are posting unrealistic images of their products and it turns out to be nothing like the picture in reality. It's hurting Myntra as a brand because I've stopped buying from such Fraud Companies.,https://play.google.com/store/apps/details?id=com.myntra.android&reviewId=e9b35418-f88f-41cd-8652-353feecfacd2,YES,not_applicable,,,BLOCK_IMAGE_DISTRUST,BLOCK_FABRIC_QUALITY,discovery,,,,low,5,5,unrealistic images of their products,True
play_myntra_0794,play_store,2026-08-09,myntra,glitchez Sleeveless Oversized T-shirt MRP 4̶9̶9̶ 199 rs don't have Small or medium size make sure to add small and medium size over all myntra is best,https://play.google.com/store/apps/details?id=com.myntra.android&reviewId=4b81e4fa-816e-4b4f-ade6-36e0df23b395,YES,not_applicable,,INTENT_GENUINE,BLOCK_LISTING_INCOMPLETE,,consideration,,size,,medium,3,5,don't have Small or medium size,True
play_myntra_0804,play_store,2026-08-07,myntra,my myntra wallet's money literally just expired like this is so frustrating why does this feature even exist???I was about to buy something from that money now it just vanished into thin air..very disappointed,https://play.google.com/store/apps/details?id=com.myntra.android&reviewId=e5cdc35b-abd7-4903-aa98-96fd2fa5857b,YES,not_applicable,,,,,cart,,,,high,4,5,wallet's money literally just expired,True
play_myntra_0838,play_store,2026-07-27,myntra,All images are AI based and superficial. It's hard to know how a dress actually looks. Myntra is losing its authenticity,https://play.google.com/store/apps/details?id=com.myntra.android&reviewId=c6ca0ddc-c9d1-4d70-915e-303279f5b685,YES,not_applicable,,,BLOCK_IMAGE_DISTRUST,,discovery,,,,low,4,5,All images are AI based and superficial.,True
play_myntra_1054,play_store,2026-08-12,myntra,this is my first experience on myntra i hope fulliy,https://play.google.com/store/apps/details?id=com.myntra.android&reviewId=9b24a81a-e77f-477b-ac98-537ad84acbd0,YES,not_applicable,,INTENT_GENUINE,,,decision,,,,high,1,5,this is my first experience on myntra,True
play_myntra_1064,play_store,2026-07-12,myntra,2 days ago I shortlisted few nikes to buy but I didn't order it because at that moment I was a bit busy with my work and I saw sale is for few days. Today I wanted to order a what the all discounts of sale are gone for those shoes Why??? sale is still going to last 4 hours so why those offers a deducted??? is the sale over?? No so why can't you guys continue with the sale offers. Another thing give us price list check like Amazon did to review recent prices.,https://play.google.com/store/apps/details?id=com.myntra.android&reviewId=ed5a41ba-5b82-4cdf-81c9-8842c4e5d991,YES,not_applicable,,INTENT_PRICE_WATCH,BLOCK_DURABILITY_VALUE,,comparison,,,,medium,4,5,what the all discounts of sale are gone,True
play_myntra_1396,play_store,2026-07-15,myntra,"Great collection of brands and very easy to navigate the UI. However, the size charts for certain categories can be inconsistent, and I would love to see more filtering options for budget ranges. Delivery is usually on time, but customer support can be slow to resolve return queries",https://play.google.com/store/apps/details?id=com.myntra.android&reviewId=07390c75-07c2-4749-9bdd-6a736893aeb8,YES,not_applicable,advising,,,,discovery,,size,,low,2,5,size charts for certain categories can be inconsistent,True
play_myntra_2127,play_store,2026-07-29,myntra,Very bad experience with myntra. Pehle uska sab accha tha. Uski products aur uski return policy bhi. Abhi to return policy bhi bekar kar di hai. Pure paise bhi wapas nahi milta hai. Isse accha ki shop se leke aaye. Atleast waha material aur size sab thik se dekh ke trial kar ke le sakte hai. Yaha pe to sab cheating hi ho rahi hai.,https://play.google.com/store/apps/details?id=com.myntra.android&reviewId=913dfa78-4299-4dd0-9027-98f444778a20,YES,not_applicable,,,BLOCK_RETURN_FRICTION,,post_purchase,,,offline_store,low,5,5,,False
play_myntra_2149,play_store,2026-07-17,myntra,buying always products from myntra after reviews and products are same as shown like tag better quality and many more things I use myntra from 2017,https://play.google.com/store/apps/details?id=com.myntra.android&reviewId=fd596fdd-e9aa-420e-bda5-a44a9ea291b4,YES,not_applicable,,INTENT_GENUINE,,,decision,,reviews,,high,1,5,buying always products from myntra after reviews,True
play_myntra_2480,play_store,2026-07-12,myntra,It feels like an addicted to open and see the stuff even it I don't have to buy anything....lol....Great collection & Team work by Myntra! Keep it up !,https://play.google.com/store/apps/details?id=com.myntra.android&reviewId=8e674d25-9d6c-4b42-a438-6aaaa24de2cf,YES,not_applicable,,INTENT_SIMULATED_OWNERSHIP,,,saved,,,,low,1,5,addicted to open and see the stuff,True
play_myntra_2648,play_store,2026-07-16,myntra,sunder hai bt small hai phr b pasand hai,https://play.google.com/store/apps/details?id=com.myntra.android&reviewId=79c7ad69-8cf9-4773-abec-bbbf07e86815,YES,not_applicable,,INTENT_GENUINE,BLOCK_SIZE_SELECTION,,post_purchase,,size,,low,2,5,sunder hai bt small hai,True
play_myntra_3120,play_store,2026-08-12,myntra,This app always increases price of an item that which we kept to add or favorite it's just totally waste of money,https://play.google.com/store/apps/details?id=com.myntra.android&reviewId=dda0239a-c1c5-40c7-8d55-62607e234915,YES,not_applicable,,INTENT_PRICE_WATCH,BLOCK_DURABILITY_VALUE,,saved,,,,low,4,5,app always increases price of an item,True
play_myntra_3249,play_store,2026-07-27,myntra,good products but sometimes they make it wrong sizes and colours,https://play.google.com/store/apps/details?id=com.myntra.android&reviewId=97c0dbf6-3fac-459a-8624-45cc8aae311d,YES,not_applicable,,,BLOCK_SIZE_SELECTION,,post_purchase,,size,,low,3,5,sometimes they make it wrong sizes,True
play_myntra_3321,play_store,2026-07-28,myntra,"Extremely disappointing experience with Myntra. If a product is not deliverable to a particular PIN code, please mention it on the product page before customers spend time browsing and selecting items. It's very frustrating to choose products, add them to the cart, and then, at the final checkout, find out that delivery is not available for our PIN code. This is a basic feature that should be available. Please display delivery eligibility upfront to avoid wasting customers' time.",https://play.google.com/store/apps/details?id=com.myntra.android&reviewId=c415b916-af1a-4424-a8d0-dff13f98620c,YES,not_applicable,,,BLOCK_LISTING_INCOMPLETE,,cart,,,,low,4,5,please mention it on the product page,True
play_myntra_3336,play_store,2026-07-30,myntra,The description of the fabric is totally wrong,https://play.google.com/store/apps/details?id=com.myntra.android&reviewId=6256f931-07e3-4761-a857-8704093cbea4,YES,not_applicable,,,BLOCK_FABRIC_QUALITY,,post_purchase,,fabric,,low,4,5,description of the fabric is totally wrong,True
play_myntra_3843,play_store,2026-08-09,myntra,If I add something in my cart then why has it gone out of stock,https://play.google.com/store/apps/details?id=com.myntra.android&reviewId=30928645-46d7-4740-9c88-9485a0206b59,YES,not_applicable,,INTENT_GENUINE,,,cart,,,,high,3,5,why has it gone out of stock,True
play_myntra_3913,play_store,2026-08-11,myntra,"Yes, it's really good; I enjoy shopping there. It's just that sometimes I can't find the extra-small size.",https://play.google.com/store/apps/details?id=com.myntra.android&reviewId=78865476-12d1-46ac-8ee7-158c9076fc91,YES,not_applicable,,INTENT_GENUINE,BLOCK_LISTING_INCOMPLETE,,consideration,,size,,medium,2,5,sometimes I can't find the extra-small size,True
play_myntra_3985,play_store,2026-08-04,myntra,"The clothes and the accessories are very good, I don't know about the quality and the authenticity of the makeup products tho...wish they had some kind of proof that they are selling original products .",https://play.google.com/store/apps/details?id=com.myntra.android&reviewId=993ebad6-8fc5-4003-954a-19d1be270b1a,YES,not_applicable,seeking,INTENT_GENUINE,BLOCK_AUTHENTICITY,BLOCK_DURABILITY_VALUE,consideration,Are the makeup products original and good quality?,authenticity,none,medium,3,5,don't know about the quality and the authenticity,True
play_ajio_0044,play_store,2026-08-17,ajio,"I received an order that was not the correct size, even though M is my perfect size for most clothes so i ordered exchange but during exchange they rejected saying brand name and colour doesn't match. It was Neonmad Tshirt and there was no brandname mentioned here.",https://play.google.com/store/apps/details?id=com.ril.ajio&reviewId=bc79bf55-6161-4212-9d61-863cc320897d,YES,not_applicable,seeking,,BLOCK_RETURN_FRICTION,,post_purchase,,,none,low,4,5,during exchange they rejected saying brand name and colour,True
play_ajio_0244,play_store,2026-08-12,ajio,it's my order i have placed let's see how it works. thinking for +Ve n proceeding it. 😊👍,https://play.google.com/store/apps/details?id=com.ril.ajio&reviewId=6b87362e-c15f-47b0-b571-9dd4edb7225d,YES,not_applicable,seeking,INTENT_GENUINE,,,cart,,,none,high,1,5,it's my order i have placed let's see,True
play_ajio_0260,play_store,2026-08-12,ajio,18 और 19 तारीख का मेरा पहला ऑर्डर होगा देखते हैं कि कपड़ा कैसा आ रहा है अच्छा आएगा तो और ऑर्डर मारना है खराब आयेगा तो नहीं ऑर्डर मरेंगे विश्वास है अच्छा ही आयेगा 👍,https://play.google.com/store/apps/details?id=com.ril.ajio&reviewId=51160d4d-eb9e-465f-9b45-2864be0332a1,YES,not_applicable,seeking,INTENT_GENUINE,BLOCK_FABRIC_QUALITY,,cart,How is the fabric quality?,fabric,none,high,2,5,देखते हैं कि कपड़ा कैसा आ रहा है,True
play_ajio_0281,play_store,2026-08-11,ajio,Worst app i have ever seen as it is showing that the kurtis are on offer but when we are placing the order then it is showing like it is not deliverable for this address.,https://play.google.com/store/apps/details?id=com.ril.ajio&reviewId=4b6be6a4-1369-45f2-9943-8be0ea8ba583,YES,not_applicable,seeking,INTENT_GENUINE,BLOCK_LISTING_INCOMPLETE,,cart,Is the item deliverable to this address?,,none,high,4,5,not deliverable for this address,True
play_ajio_0300,play_store,2026-08-11,ajio,"Terrible app!! Myntra is any day better and that's telling. first y'all make it too complicated, I don't understand why kurtis and kurtas can't be listed separately. I'm a new user I will see if I can get used to this app otherwise I'll pass 🙏",https://play.google.com/store/apps/details?id=com.ril.ajio&reviewId=ef34132c-643e-4f5e-8b35-275eef4346a4,YES,not_applicable,seeking,,,,discovery,,,none,low,3,5,Terrible app!!,True
play_ajio_0364,play_store,2026-08-10,ajio,worst app ever don't buy anything in this app it is full of fraud if you order to sort of size l and they give you on shorts of a size in and another of the XXl,https://play.google.com/store/apps/details?id=com.ril.ajio&reviewId=4b3262f3-7f8c-4649-95d2-58c7f93891f6,YES,not_applicable,seeking,,BLOCK_SIZE_SELECTION,,post_purchase,,size,none,low,4,5,they give you on shorts of a size in and another of the XXl,True
play_ajio_0402,play_store,2026-08-09,ajio,"Many times, quality of the product is not satisfactory and we are forced to return. so our return goes above average.",https://play.google.com/store/apps/details?id=com.ril.ajio&reviewId=c46af9a5-1e5a-49a9-9bb6-54090a1a75c9,YES,not_applicable,seeking,,BLOCK_FABRIC_QUALITY,BLOCK_RETURN_FRICTION,post_purchase,,fabric,none,low,4,5,quality of the product is not satisfactory,True
play_ajio_0460,play_store,2026-08-07,ajio,first time order by ajio let see product nd quality,https://play.google.com/store/apps/details?id=com.ril.ajio&reviewId=0e291fb3-c4b7-4c4c-91e3-c2f41fff777d,YES,not_applicable,seeking,INTENT_GENUINE,BLOCK_FABRIC_QUALITY,,cart,How is the product and quality?,fabric,none,high,1,5,first time order by ajio let see product nd quality,True
yt_0043,youtube,2026-03-16,none,The link which you send me is not of the top shown in the shorts video,https://www.youtube.com/watch?v=zR_J12Z3Kxo&lc=Ugx5tmXZ4KTwVKdLFHl4AaABAg.AThB-K5c6H1AUQI3enpPXw,YES,haul,seeking,INTENT_GENUINE,BLOCK_IMAGE_DISTRUST,,consideration,Where is the actual top shown in the video?,,none,medium,3,5,not of the top shown in the shorts video,True
yt_0049,youtube,2026-08-01,none,Yrr ye top available hai kahi to yrr help kro guys meri 😭 meri bestie ko cahiye,https://www.youtube.com/watch?v=zR_J12Z3Kxo&lc=UgxAXd_LstxvwS-1SO94AaABAg,YES,haul,seeking,INTENT_ACQUISITION_WATCH,BLOCK_LISTING_INCOMPLETE,,discovery,Where is this top available?,alternatives,friends,medium,3,5,top available hai kahi to yrr help kro guys,True
yt_0078,youtube,2026-02-26,none,I opened the link but it's showing a flipkart top which is completely different 😢,https://www.youtube.com/watch?v=zR_J12Z3Kxo&lc=Ugw8PbbUwxE1A11ALKh4AaABAg.ATXq5s-A-PVAThB9JGV8wa,YES,haul,seeking,INTENT_GENUINE,BLOCK_IMAGE_DISTRUST,,consideration,Why does the link lead to a completely different top?,,none,medium,3,5,showing a flipkart top which is completely different,True
yt_0079,youtube,2026-02-26,myntra,​@myntrahaulvideosi opened the link but it was showing flipkart top which is completely different 😢,https://www.youtube.com/watch?v=zR_J12Z3Kxo&lc=Ugw8PbbUwxE1A11ALKh4AaABAg.ATXq5s-A-PVAThBEunQU8Y,YES,haul,seeking,INTENT_GENUINE,BLOCK_IMAGE_DISTRUST,,consideration,Why does the link lead to a different top?,,creator,medium,3,5,showing flipkart top which is completely different,True
yt_0085,youtube,2026-01-15,none,Checked all telegram post this top is nowhere,https://www.youtube.com/watch?v=zR_J12Z3Kxo&lc=Ugy5DCjioK7bDS3WNqp4AaABAg,YES,haul,seeking,INTENT_ACQUISITION_WATCH,BLOCK_LISTING_INCOMPLETE,,discovery,Where can this top be found?,alternatives,telegram,low,3,5,Checked all telegram post this top is nowhere,True
yt_0086,youtube,2026-02-26,myntra,​@myntrahaulvideos bro it's completely different,https://www.youtube.com/watch?v=zR_J12Z3Kxo&lc=Ugy5DCjioK7bDS3WNqp4AaABAg.AS-XU0b_QCUATgBwavaVhT,YES,haul,seeking,INTENT_GENUINE,BLOCK_IMAGE_DISTRUST,,consideration,Why is the linked item different?,,creator,medium,3,5,it's completely different,True
yt_0140,youtube,2026-07-31,none,Isme kuch bhi vulgar nhi h phir bhi ghrwale nhi pehnne denge🥲 kitne cute tops h 😭🎀,https://www.youtube.com/watch?v=WNGiJs-7Oho&lc=UgwJSHS3Ud1Oen76pvB4AaABAg,YES,haul,seeking,INTENT_SIMULATED_OWNERSHIP,BLOCK_STYLING,,discovery,Will family allow wearing these tops?,styling,none,low,3,5,ghrwale nhi pehnne denge,True
yt_0159,youtube,2026-06-29,none,Mere gharwale inme se koi nahi pahnane denge😢,https://www.youtube.com/watch?v=WNGiJs-7Oho&lc=Ugw-l4U4wLiDKzmrJ3t4AaABAg,YES,haul,seeking,INTENT_SIMULATED_OWNERSHIP,BLOCK_STYLING,,discovery,Will family allow wearing these?,styling,none,low,3,5,,False
yt_0162,youtube,2026-06-29,none,​@Yogittaaaapk yha se kia h wish link pls suggest me,https://www.youtube.com/watch?v=WNGiJs-7Oho&lc=UgwyL_cBjK6nmDLRG5F4AaABAg.AYbGYsqHlcnAYcJs4IGMew,YES,haul,seeking,INTENT_GENUINE,BLOCK_LISTING_INCOMPLETE,,discovery,Where is the wish link?,,creator,high,2,5,yha se kia h wish link pls suggest me,True
yt_0171,youtube,2026-06-27,none,Your weight and height details for reference,https://www.youtube.com/watch?v=WNGiJs-7Oho&lc=UgyeyHpb18kHOI95snl4AaABAg,YES,haul,seeking,INTENT_GENUINE,BLOCK_SIZE_SELECTION,,consideration,What size should be selected based on weight and height?,size,creator,high,2,5,Your weight and height details for reference,True
yt_0210,youtube,2026-05-31,none,Is there any way to buy it from these beautiful dresses from Dhaka?,https://www.youtube.com/watch?v=vy5HNpbnq84&lc=UgxK9xydVB6PcP-Ni8Z4AaABAg,YES,haul,seeking,INTENT_ACQUISITION_WATCH,BLOCK_LISTING_INCOMPLETE,,discovery,Can these be bought from Dhaka?,,none,low,3,5,way to buy it from these beautiful dresses from Dhaka,True
yt_0255,youtube,2026-06-02,myntra,Ye kurta set muje aj tak myntra pr nahi mila😢,https://www.youtube.com/watch?v=3APr9AasKIo&lc=Ugz6Lk6OnRUxG4j8fet4AaABAg,YES,haul,seeking,INTENT_ACQUISITION_WATCH,BLOCK_LISTING_INCOMPLETE,,discovery,Where to find the kurta set on Myntra?,,,medium,2,5,muje aj tak myntra pr nahi mila,True
yt_0263,youtube,2025-11-10,none,"Madam yeh kaunsa size hai?,means gift Krna hai friend ko (xs ),ya( s) size  kaunsa loon Ma'am?",https://www.youtube.com/watch?v=3APr9AasKIo&lc=UgwbLOSNRPDh7kXl6iN4AaABAg,YES,haul,seeking,INTENT_GENUINE,BLOCK_SIZE_SELECTION,,decision,Which size (XS or S) should I buy as a gift?,size,creator,high,3,5,"(xs ),ya( s) size kaunsa loon",True
yt_0273,youtube,2025-08-25,none,Pls mention siza and price 46 - size available,https://www.youtube.com/watch?v=3APr9AasKIo&lc=UgwtixEwFBNyIl9xi_l4AaABAg,YES,haul,seeking,INTENT_GENUINE,BLOCK_LISTING_INCOMPLETE,,consideration,What is the size and price? Is size 46 available?,size,,high,3,5,Pls mention siza and price 46 - size available,True
yt_0302,youtube,2025-06-12,none,Didi summer Full sleeve top bta do jo comfortable ho please,https://www.youtube.com/watch?v=iabxMFFAt7s&lc=Ugxobpi5qLydKpFoALd4AaABAg.AJGoip_bCsQAJGy1TyXWiC,YES,haul,seeking,INTENT_GENUINE,,,discovery,,styling,creator,medium,2,5,summer Full sleeve top bta do,True
yt_0320,youtube,2026-03-04,none,"First one is too good but too crop for me bcz of my height 😢😢😢
Why I'm so long 
Sometime I hate my height. 
Can't wear crop and high heels 😢😢",https://www.youtube.com/watch?v=iabxMFFAt7s&lc=UgyLoNLciXdJUi-L-nB4AaABAg,YES,haul,seeking,INTENT_GENUINE,BLOCK_BODY_PROJECTION,,consideration,Will this crop top suit my height?,fit,,low,4,5,too crop for me bcz of my height,True
yt_0329,youtube,2026-01-07,none,"Amazing gurl ❤..i just got addicted to ur  elegant look ✨️ ...
Could u please let me know ur height and weight approx.....so that i could order those perfectly in sizes.....",https://www.youtube.com/watch?v=iabxMFFAt7s&lc=UgyOtNzL_Ig1CtNijql4AaABAg,YES,haul,seeking,INTENT_GENUINE,BLOCK_SIZE_SELECTION,,consideration,What is the creator's height and weight for sizing reference?,size,creator,high,3,5,let me know ur height and weight approx,True
yt_0332,youtube,2026-01-04,none,Do you have a longer version? Cause not everybody likes crop??,https://www.youtube.com/watch?v=iabxMFFAt7s&lc=UgyfWQOMH8R2AVgW4aZ4AaABAg,YES,haul,seeking,INTENT_GENUINE,BLOCK_LISTING_INCOMPLETE,,consideration,Is there a longer version available?,styling,,medium,2,5,Do you have a longer version?,True
yt_0334,youtube,2026-03-04,none,Mil gya behen mujhe😂 lekin bahut mehnga hai😭,https://www.youtube.com/watch?v=iabxMFFAt7s&lc=UgwRdeakyacuQditbDd4AaABAg.ARMJREXuQdGATwnzN9UKeG,YES,haul,seeking,INTENT_GENUINE,BLOCK_DURABILITY_VALUE,,consideration,Is the item worth the high price?,,,medium,3,5,bahut mehnga hai,True
yt_0356,youtube,2025-06-12,none,Summer trousers or any set in cotton please❤,https://www.youtube.com/watch?v=iabxMFFAt7s&lc=UgwZkp1OAb8TZvl6QMN4AaABAg,YES,haul,seeking,INTENT_GENUINE,,,discovery,,styling,creator,medium,2,5,Summer trousers or any set in cotton please,True
yt_0357,youtube,2025-06-12,none,"Diiiii aap itne sundar sundar clothes dikhate ho vo honestly review dete ho ya fir promotion karte ho I am confused because aap intniiì sundar sundar kaha se dund late ho very pretyyyy ...
I watch your videos and I have your subscriber alsoooo
❤🎉",https://www.youtube.com/watch?v=iabxMFFAt7s&lc=UgydCuS2UZvjfORSBS94AaABAg,YES,haul,seeking,INTENT_GENUINE,BLOCK_REVIEW_DISTRUST,,consideration,Are the reviews honest or sponsored promotions?,reviews,creator,low,3,5,honestly review dete ho ya fir promotion karte ho,True
yt_0358,youtube,2025-06-12,none,"I am your subscriber ❤please corset haul ❤because i want, and i don't know how it is ❤ so please corset hual ❤
Please❤
Please❤
Please❤
Please❤
Please❤
Please❤
Please❤
Please❤
Please❤
Please❤
Please❤
Please❤
Please❤
Please❤
Please❤
Please❤
Please❤
Please❤
Please❤
❤❤❤",https://www.youtube.com/watch?v=iabxMFFAt7s&lc=Ugxn05h9OYb9R_em2wN4AaABAg,YES,haul,seeking,INTENT_GENUINE,,,discovery,,,creator,low,1,5,please corset haul,True
yt_0403,youtube,2025-10-29,none,Ham bhi order karte hai par same nhi aata hai didi esa aata hai ki vo pahne layak hi nhi hota hai,https://www.youtube.com/watch?v=kGvgwTy7K1Y&lc=Ugzo6Kli5l-CtyZvSzB4AaABAg,YES,haul,seeking,INTENT_GENUINE,BLOCK_IMAGE_DISTRUST,,consideration,Why does the delivered product differ from what is shown?,,,low,4,5,same nhi aata hai didi esa aata hai,True
yt_0472,youtube,2026-08-18,none,Dii yellow colour me mujhe ek silk blend me stylish dress suit set haul llawo mujhe 27 ko khi kha h phn kr please,https://www.youtube.com/watch?v=bseWza-g9pk&lc=Ugysmt6xOhwrAaT0G6d4AaABAg,YES,haul,seeking,INTENT_OCCASION,,,discovery,,styling,creator,medium,2,5,yellow colour me mujhe ek silk blend me stylish dress suit set haul,True
yt_0475,youtube,2026-08-18,none,"Mujhe shadi k baad phnne wale dress chahiye jo elegant and rich look de, plz ek houl mere liye lekr aaiyega",https://www.youtube.com/watch?v=bseWza-g9pk&lc=UgyWEFfz1So0ik3z6ZV4AaABAg,YES,haul,seeking,INTENT_OCCASION,,,discovery,,styling,creator,medium,2,5,,False
yt_0488,youtube,2026-08-18,none,Aapne jo wear kiya h wo bhi mene buy kiya h didu ❤❤,https://www.youtube.com/watch?v=bseWza-g9pk&lc=Ugz3TEYlatTBZcLIIzl4AaABAg,YES,haul,seeking,INTENT_GENUINE,,,post_purchase,,,,high,1,5,wo bhi mene buy kiya h,True
yt_0503,youtube,2026-07-07,none,"I think advertisement ke liye achi quality bhejte honge,,🤔qki mujhe achi nhi milti",https://www.youtube.com/watch?v=1XD6msqkAUE&lc=Ugz6OrCggEBCVLJpvVh4AaABAg,YES,haul,seeking,INTENT_GENUINE,BLOCK_IMAGE_DISTRUST,,consideration,Do brands send better quality items for advertisements?,,,low,3,5,advertisement ke liye achi quality bhejte honge,True
yt_0507,youtube,2026-07-03,none,Aap ke pas big size xl or 2xl size hai or price v bataiye,https://www.youtube.com/watch?v=1XD6msqkAUE&lc=UgwJhgDKegPjVyVfCJ14AaABAg,YES,haul,seeking,INTENT_GENUINE,BLOCK_LISTING_INCOMPLETE,,consideration,Are XL or 2XL sizes available and what is the price?,size,,high,3,5,big size xl or 2xl size hai or price v bataiye,True
yt_0518,youtube,2026-05-14,none,Yah suit mujhe bhi chahie Ghaziabad se bol rahi hun main number to dost ka,https://www.youtube.com/watch?v=1XD6msqkAUE&lc=UgyEUge1si04HK5xA6p4AaABAg,YES,haul,seeking,INTENT_GENUINE,BLOCK_LISTING_INCOMPLETE,,decision,How to order this suit from Ghaziabad?,,,high,3,5,Yah suit mujhe bhi chahie Ghaziabad se bol rahi hun,True
yt_0548,youtube,2026-04-01,none,इन कपड़ो को पहनने के लिए ऐसी बॉडी भी तो होनी चाहिए मैं तो बहुत स्लिमहूं,https://www.youtube.com/watch?v=1XD6msqkAUE&lc=UgwpvKI17hC_zuNNKRh4AaABAg,YES,haul,seeking,INTENT_GENUINE,BLOCK_BODY_PROJECTION,,consideration,Do I have the right body type to wear these clothes?,fit,,low,3,5,,False
yt_0549,youtube,2026-03-26,none,Didi First Royal Blue set ki link nahi show ho rahi ..,https://www.youtube.com/watch?v=1XD6msqkAUE&lc=Ugwt63oi1nXPvDYkzW14AaABAg,YES,haul,seeking,INTENT_GENUINE,BLOCK_LISTING_INCOMPLETE,,consideration,Where is the link for the First Royal Blue set?,,,high,2,5,First Royal Blue set ki link nahi show ho rahi,True
yt_0608,youtube,2026-08-12,myntra,"I have very bad experience with myntra, big difference between actual colour n what we get",https://www.youtube.com/watch?v=mEo4RxEMitA&lc=Ugw83CIEfLL4e7QX7t54AaABAg,YES,haul,seeking,INTENT_GENUINE,BLOCK_IMAGE_DISTRUST,,consideration,Is the actual color different from the image?,fabric,,medium,3,5,big difference between actual colour n what we get,True
yt_0629,youtube,2026-08-12,none,Aapne jo wear kiya h usme kya size liya h meri height weight aapke barabar hi h mene l size order Kiya h,https://www.youtube.com/watch?v=mEo4RxEMitA&lc=UgzmnQZzoDsQQ5MAztR4AaABAg,YES,haul,seeking,INTENT_GENUINE,BLOCK_SIZE_SELECTION,,decision,Did I choose the correct size?,size,creator,high,3,5,Aapne jo wear kiya h usme kya size liya h,True
yt_0630,youtube,2026-08-12,none,​@DreamSimpleAnudi meri height 5'6 hai ... esliye bottom thode uper ko  khiche kichhe aate hai ...I mean chhota ....any solution di,https://www.youtube.com/watch?v=mEo4RxEMitA&lc=UgzmnQZzoDsQQ5MAztR4AaABAg.A_P3N6yMiiXA_P9pjKq4on,YES,haul,seeking,INTENT_GENUINE,BLOCK_BODY_PROJECTION,,saved,How to make the bottoms fit my height?,fit,creator,medium,3,5,bottom thode uper ko khiche kichhe aate hai,True
yt_0634,youtube,2026-08-12,none,Apne jo purple dress dikhaya uska fabric mention nahi kiya😢,https://www.youtube.com/watch?v=mEo4RxEMitA&lc=UgySwIQiC__9omapPlR4AaABAg,YES,haul,seeking,INTENT_GENUINE,BLOCK_LISTING_INCOMPLETE,,consideration,What is the fabric of the purple dress?,fabric,,medium,2,5,fabric mention nahi kiya,True
yt_0639,youtube,2026-08-16,none,​@adroupadisubudhi6091rayon h to thoda shrink hoga,https://www.youtube.com/watch?v=mEo4RxEMitA&lc=UgxxXKIF6avFZ3WAnt14AaABAg.A_P1e_Js-P6A_ZGTIdYhTM,YES,haul,advising,,,,consideration,,fabric,,,1,5,rayon h to thoda shrink hoga,True
yt_0652,youtube,2026-04-10,none,Tagged all in the video 🥹 few of them are out of stock,https://www.youtube.com/watch?v=ZZ25NB-RUdc&lc=UgwXQOQP3Hee186bkQh4AaABAg.AVOZ2eGFGg6AVPTRSHcsPz,YES,haul,seeking,INTENT_ACQUISITION_WATCH,,,discovery,,,,low,2,5,few of them are out of stock,True
yt_0658,youtube,2026-01-19,none,Pls pls pleaseeeeeeeeee give the link for the second last one.. short dress with floral prints. I really want to wear it for my birthday,https://www.youtube.com/watch?v=ZZ25NB-RUdc&lc=Ugx7QjFm0NZXjLo0dlB4AaABAg,YES,haul,seeking,INTENT_OCCASION,BLOCK_LISTING_INCOMPLETE,,decision,Where can I find the link for this dress?,,creator,high,4,5,give the link for the second last one,True
yt_0703,youtube,2026-01-27,none,Birthday dress for teenager girls in school plzzzzzzz,https://www.youtube.com/watch?v=b0FArfw23TU&lc=Ugzuh1Br56YkVZBfbsN4AaABAg,YES,haul,seeking,INTENT_OCCASION,,,discovery,,styling,creator,medium,1,5,Birthday dress for teenager girls in school plzzzzzzz,True
yt_0715,youtube,2025-11-05,none,Can u find some dresses with below knee length and elbows are covered and which are also cute and like Pinterest at the same time?,https://www.youtube.com/watch?v=b0FArfw23TU&lc=UgzOjE2lhdN36cNFkoZ4AaABAg,YES,haul,seeking,INTENT_INSPIRATION,,,discovery,,alternatives,creator,low,2,5,Can u find some dresses with below knee length,True
yt_0717,youtube,2025-10-22,none,I request you I want birthday outfits to wear in my school on my birthday but it should be not sleeveless and short please make it,https://www.youtube.com/watch?v=b0FArfw23TU&lc=UgxbQFdy72geN7r1PKV4AaABAg,YES,haul,seeking,INTENT_OCCASION,,,discovery,,styling,creator,medium,2,5,I want birthday outfits to wear in my school,True
yt_0780,youtube,2025-10-23,none,ok it doesn't have to fit like a glove.  I don't mind baggy just so long as they don't fall down and show my fat ass,https://www.youtube.com/watch?v=8hc1pWyD3-g&lc=UgxPSzpCKU8zpjB5jJh4AaABAg,YES,size_guide,seeking,INTENT_GENUINE,BLOCK_BODY_PROJECTION,,consideration,Will these fit without falling down?,fit,,medium,2,5,so long as they don't fall down,True
yt_0782,youtube,2025-01-15,none,"Kuhl Pants that fit me measure different than what they say they are, which is different from what I measure on me!? Unsure of everything now! 

Pants Say 36x30 (waist x length)
I Measure 39x32 (waist at my waistline where the belt would be x length from ankle to actual waistline)
Pants actually measure out to be exactly 39x39

These Pants are the perfect length, and leave about an inch or two in the waist for the belt to compress... go figure!?",https://www.youtube.com/watch?v=8hc1pWyD3-g&lc=UgzB25xsBtXL_vZN0z54AaABAg,YES,size_guide,seeking,INTENT_GENUINE,BLOCK_CHART_UNRELIABLE,,consideration,Why do the measured pants not match the size chart?,size,,medium,4,5,Unsure of everything now!,True
yt_0783,youtube,2024-12-03,none,"What point is measuring existing pants when I need to measure the inseem that NEEDS to be?  Assume I am wearing beach shorts and shopping for an office suit.  Also consider that something that rolls in Kentucky, won't roll in Italy: different traditions to what constitutes normal length.",https://www.youtube.com/watch?v=8hc1pWyD3-g&lc=Ugy6XdKSVpfpe7zhkmt4AaABAg,YES,size_guide,seeking,INTENT_GENUINE,BLOCK_SIZE_SELECTION,,consideration,What is the correct way to measure inseam for a new type of garment?,size,,medium,3,4,What point is measuring existing pants when I need to measure,True
yt_0784,youtube,2024-10-12,none,How tall someone be if they wear a long full pant with a 45 inches inseam ???,https://www.youtube.com/watch?v=8hc1pWyD3-g&lc=UgwI11iCgq-9KsPuqCt4AaABAg,YES,size_guide,seeking,INTENT_GENUINE,BLOCK_SIZE_SELECTION,,consideration,How tall do you need to be for a 45 inch inseam?,size,,low,2,5,How tall someone be if they wear a long full pant,True
yt_0785,youtube,2024-09-16,none,ok cool you told me to measure 5 things now I have 5 numbers so which single number is the one I use to order a fucking pair of goddamn pants?,https://www.youtube.com/watch?v=8hc1pWyD3-g&lc=UgzfL3TwQl1091Qscap4AaABAg,YES,size_guide,seeking,INTENT_GENUINE,BLOCK_SIZE_SELECTION,,decision,Which specific number do I use to order?,size,,high,5,5,which single number is the one I use to order,True
yt_0786,youtube,2024-07-27,none,The fact the waist measurements aren't even the waist measurements but below is so confusing,https://www.youtube.com/watch?v=8hc1pWyD3-g&lc=UgxoxDo3D9xbbOPC4gl4AaABAg,YES,size_guide,seeking,INTENT_GENUINE,BLOCK_CHART_UNRELIABLE,,consideration,Why are waist measurements not true waist measurements?,size,,medium,3,5,The fact the waist measurements aren't even the waist measurements,True
yt_0788,youtube,2024-08-15,none,@AlekVilaexplains a lot!!! My old pants are 38” in waist and I’ve lost a lot of weight but when I measured my waist (bare) it says 38” but my old pants are huge on me.,https://www.youtube.com/watch?v=8hc1pWyD3-g&lc=Ugw9vC_mElQWDfS5Ehp4AaABAg.9gZtveY9ajZA78Z6zP5Iwp,YES,size_guide,seeking,INTENT_GENUINE,BLOCK_CHART_UNRELIABLE,,consideration,Why do my old pants measure the same as my bare waist when they are huge?,size,,medium,3,5,my old pants are huge on me,True
yt_0799,youtube,2025-06-07,myntra,Myntra ka aacha laga lekin hum meesho se hi lenge 😊😊,https://www.youtube.com/watch?v=UAGE51XUIZg&lc=UgwqPJ3StJt7qweFjGp4AaABAg,YES,review_comparison,seeking,INTENT_ACQUISITION_WATCH,,,comparison,,,,low,1,5,hum meesho se hi lenge,True
yt_0800,youtube,2025-05-10,myntra,Myntra one is so elegant and its quality is much better than,https://www.youtube.com/watch?v=UAGE51XUIZg&lc=UgxyoG6xyDHye8ZhET54AaABAg,YES,review_comparison,seeking,INTENT_GENUINE,,,consideration,,,,high,1,5,Myntra one is so elegant and its quality,True
yt_0802,youtube,2025-03-28,myntra,Myntra outfit have better quality than messho,https://www.youtube.com/watch?v=UAGE51XUIZg&lc=UgzNJ7SisIfPdcbmNAh4AaABAg,YES,review_comparison,seeking,INTENT_GENUINE,,,comparison,,,,high,1,5,Myntra outfit have better quality than messho,True
yt_0814,youtube,2024-10-14,myntra,I think Myntra is best rather than meesho,https://www.youtube.com/watch?v=UAGE51XUIZg&lc=UgwMCMYMKC2o0tqRlr94AaABAg,YES,review_comparison,advising,,,,discovery,,,,low,1,5,Myntra is best rather than meesho,True
yt_0819,youtube,2024-10-02,none,Meesho is real scammer for me so Never buying anything from it,https://www.youtube.com/watch?v=UAGE51XUIZg&lc=UgxQxTqI1tT7Jn41SSR4AaABAg,YES,review_comparison,advising,,,,post_purchase,,,,low,5,5,Never buying anything from it,True
yt_0820,youtube,2024-10-02,none,I think in meesho there is a stitching in the middle on waist,https://www.youtube.com/watch?v=UAGE51XUIZg&lc=Ugy-qwHOrYjWKKUB30N4AaABAg,YES,review_comparison,advising,,,,comparison,,,,low,2,4,meesho there is a stitching in the middle,True
yt_0827,youtube,2024-09-30,none,meesho kii silai acchi hai mytra ke front lace ke aage silwat aa rahi or ye sahi nahi,https://www.youtube.com/watch?v=UAGE51XUIZg&lc=Ugy7E5ZsKKefLghzhFV4AaABAg,YES,review_comparison,advising,,,,comparison,,,,low,2,4,meesho kii silai acchi hai,True
yt_0828,youtube,2024-09-30,myntra,"Myntra one is Round Collar, nd Meesho one is Chinese Collar",https://www.youtube.com/watch?v=UAGE51XUIZg&lc=UgwApyNn0Duknieqkip4AaABAg,YES,review_comparison,advising,,,,comparison,,,,low,1,5,"Myntra one is Round Collar, nd Meesho one is Chinese Collar",True
yt_0831,youtube,2024-09-30,myntra,myntra's looks more fittinf that meeshos's,https://www.youtube.com/watch?v=UAGE51XUIZg&lc=UgwYu9UrOd8tzQwmjJV4AaABAg,YES,review_comparison,advising,,,,comparison,,,,low,1,4,myntra's looks more fittinf that meeshos's,True
yt_0834,youtube,2024-09-29,none,I love meesho  vaadi padesedaniki anta rate avasarama save  the money save the people,https://www.youtube.com/watch?v=UAGE51XUIZg&lc=Ugy5xFTQQiOtHMnHJBl4AaABAg,YES,review_comparison,advising,INTENT_PRICE_WATCH,,,comparison,,,,low,1,4,save the money save the people,True
yt_0835,youtube,2024-09-29,none,Lol meesho definitely have 2 clothes thing in the dress see closely come on ? Which kind of comparison is this 😂,https://www.youtube.com/watch?v=UAGE51XUIZg&lc=UgyIpBg7GB94vnyF23F4AaABAg,YES,review_comparison,advising,,,,comparison,,,,low,1,4,Which kind of comparison is this,True
yt_0841,youtube,2024-09-29,myntra,"Myntra is always better, Meesho product quality is poor.",https://www.youtube.com/watch?v=UAGE51XUIZg&lc=UgxIlaiUK7rmfbsXV7x4AaABAg,YES,review_comparison,advising,,,,comparison,,,,low,3,5,Meesho product quality is poor.,True
yt_0845,youtube,2024-09-24,myntra,But myntra dress looks much shiny... may be it is of good quality,https://www.youtube.com/watch?v=UAGE51XUIZg&lc=UgxDvO3Nz8Q2qfC27PJ4AaABAg,YES,review_comparison,advising,,,,comparison,,fabric,,low,2,4,myntra dress looks much shiny... may be it is of good quality,True
yt_0855,youtube,2024-09-20,none,Meesho ek tukka hai 😂. Accha nikal gaya to thik 😂,https://www.youtube.com/watch?v=UAGE51XUIZg&lc=UgzoVs5AJz9jKcYpa-x4AaABAg,YES,review_comparison,advising,,,,comparison,,,,low,3,4,Meesho ek tukka hai,True
yt_0862,youtube,2024-09-18,none,"Par meesho pe wo shine nhi hoti jo honi chahiye, abtak 7 bar dresses wapas kar chuki hu. Aur app bhi delete kr diya",https://www.youtube.com/watch?v=UAGE51XUIZg&lc=Ugw1Altnv1zzeCypslZ4AaABAg,YES,review_comparison,advising,,BLOCK_FABRIC_QUALITY,,post_purchase,,fabric,,low,4,5,abtak 7 bar dresses wapas kar chuki hu,True
yt_0891,youtube,2024-09-12,none,There is  the difference between sleeves,https://www.youtube.com/watch?v=UAGE51XUIZg&lc=UgwOttEVsawomLsuwOZ4AaABAg,YES,review_comparison,advising,,,,comparison,,,,low,1,5,There is the difference between sleeves,True
yt_0904,youtube,2024-09-11,myntra,Quality and the fall of kameez also the appearance of Myntra seems better than Meesho!,https://www.youtube.com/watch?v=UAGE51XUIZg&lc=UgxbTEUPEf1m8OV8U3F4AaABAg,YES,review_comparison,advising,,,,comparison,,,,low,2,5,,False
yt_0921,youtube,2024-09-08,none,Gale ka cooler alar hai haath ka baazu me difference hai  chota bda hai and chinni me kadhai kuch Jayda hi h mesho me,https://www.youtube.com/watch?v=UAGE51XUIZg&lc=UgzxDoh7QFn-L5q03FJ4AaABAg,YES,review_comparison,advising,,,,comparison,,,,low,2,4,Gale ka cooler alar hai haath ka baazu,True
yt_0938,youtube,2026-07-28,none,First step find a shirt that fits.. dude if I had a shirt that fits I won’t be watching this video😂😂,https://www.youtube.com/watch?v=UsTnCO1GrTE&lc=UgyEFKApP_t2HbOzzmt4AaABAg,YES,size_guide,seeking,INTENT_GENUINE,BLOCK_LISTING_INCOMPLETE,,consideration,Where to find a shirt that fits,fit,youtube,medium,3,4,find a shirt that fits,True
yt_0944,youtube,2026-07-19,none,@Masa_fashion_jp bro I'm 15 and I'm 5'9ft so should i prefer s or m,https://www.youtube.com/watch?v=UsTnCO1GrTE&lc=Ugx3NxlPK-p93pXFcTp4AaABAg.AR-2dboskTrAZS93MLctuF,YES,size_guide,seeking,INTENT_GENUINE,BLOCK_SIZE_SELECTION,,consideration,Should I prefer size S or M?,size,creator,high,3,5,should i prefer s or m,True
yt_0946,youtube,2026-08-07,none,14 sal ke liye kaun sa size select Karen ❤❤,https://www.youtube.com/watch?v=KgGRpd4e-QE&lc=UgyHvO7yeegIFWpvBtp4AaABAg,YES,size_guide,seeking,INTENT_GENUINE,BLOCK_SIZE_SELECTION,,consideration,Which size to select for a 14 year old?,size,creator,high,3,5,kaun sa size select Karen,True
yt_0947,youtube,2026-06-01,none,Size chart me bhi poori jankari nahi dete,https://www.youtube.com/watch?v=KgGRpd4e-QE&lc=Ugz8vLlQh39K_tJHT8l4AaABAg,YES,size_guide,seeking,INTENT_GENUINE,BLOCK_LISTING_INCOMPLETE,,consideration,Complete information is not given in the size chart,size,,medium,4,5,Size chart me bhi poori jankari nahi dete,True
yt_0954,youtube,2025-10-06,none,Ye jo pehn rakha hai ye kitna size hai bro,https://www.youtube.com/watch?v=KgGRpd4e-QE&lc=Ugx6kIlmogaRNOTKM6Z4AaABAg,YES,size_guide,seeking,INTENT_GENUINE,BLOCK_LISTING_INCOMPLETE,,consideration,What size is being worn here?,size,creator,high,2,5,Ye jo pehn rakha hai ye kitna size hai,True
yt_0955,youtube,2025-08-06,none,Agar size chart na ho toh uss waqt kya karna he,https://www.youtube.com/watch?v=KgGRpd4e-QE&lc=UgxqnuINCxhcWrbl2vd4AaABAg,YES,size_guide,seeking,INTENT_GENUINE,BLOCK_LISTING_INCOMPLETE,,consideration,What to do if there is no size chart,size,creator,medium,3,5,Agar size chart na ho,True
yt_0957,youtube,2025-07-19,myntra,Mujhe m size ke kapre aate h toh mein myntra p kon sa size p order kru 😢,https://www.youtube.com/watch?v=KgGRpd4e-QE&lc=Ugyx1HpF-tuE0Q7YpB54AaABAg,YES,size_guide,seeking,INTENT_GENUINE,BLOCK_SIZE_SELECTION,,consideration,Which size to order on Myntra,size,creator,high,4,5,kon sa size p order kru,True
yt_0958,youtube,2025-06-02,none,15-16 saal ke ladke ke liye konsa size lagega,https://www.youtube.com/watch?v=KgGRpd4e-QE&lc=UgxVSuDFkaDZ3qO169F4AaABAg,YES,size_guide,seeking,INTENT_GENUINE,BLOCK_SIZE_SELECTION,,consideration,What size for a 15-16 year old boy,size,creator,medium,3,5,15-16 saal ke ladke ke liye konsa size,True
yt_0968,youtube,2026-06-27,none,Jitna aapse measurement liya usko kitna size aayega bta sakti hai aap,https://www.youtube.com/watch?v=EXnXKhbI4po&lc=Ugw_MCqYIIhv1rb4LEB4AaABAg,YES,size_guide,seeking,INTENT_GENUINE,BLOCK_SIZE_SELECTION,,consideration,What size will fit based on measurements,size,creator,high,3,5,Jitna aapse measurement liya usko kitna size,True
yt_0970,youtube,2026-05-21,none,"my gf is 5.7 and too lean so if i am  buying online kurtis then which size i shou
d select",https://www.youtube.com/watch?v=EXnXKhbI4po&lc=UgzLO7XjMDZLlbVKhI94AaABAg,YES,size_guide,seeking,INTENT_GENUINE,BLOCK_SIZE_SELECTION,,consideration,Which size to select for a 5.7 tall and lean girlfriend,size,creator,high,3,5,which size i shou d select,True
yt_0971,youtube,2026-05-13,none,Didi pajama ka size kaise select Karen please is topic par ek video banaye,https://www.youtube.com/watch?v=EXnXKhbI4po&lc=UgwgIobul_afa6dzgkl4AaABAg,YES,size_guide,seeking,,,,discovery,How to select pajama size,size,creator,low,2,5,pajama ka size kaise select Karen,True
yt_0973,youtube,2026-02-14,none,Ye full suit ke size hai ya just shirt ke ?,https://www.youtube.com/watch?v=EXnXKhbI4po&lc=Ugz5lKnmEUuYQc8DuRB4AaABAg,YES,size_guide,seeking,INTENT_GENUINE,BLOCK_LISTING_INCOMPLETE,,consideration,Are these full suit sizes or just shirt sizes,size,creator,medium,3,5,Ye full suit ke size hai ya just shirt,True
yt_0985,youtube,2026-07-08,none,4_1০ ইনচ কিতনা সাইজ লাগেগা পিলিস জারূল বাতাও আভি দিদি 🙏🙏লঙ ডেরেস,https://www.youtube.com/watch?v=htXcUheMxrc&lc=Ugwb0YI0RfFFD53krzN4AaABAg,YES,size_guide,seeking,INTENT_GENUINE,BLOCK_SIZE_SELECTION,,consideration,"What size for 4'10"" long dress",size,creator,high,3,5,4_1০ ইনচ কিতনা সাইজ লাগেগা,True
yt_0987,youtube,2026-06-08,none,"Mera height 4,10 hai or bust size 36 or 50 kg hai to mujhe konsa sizi lena chahiye",https://www.youtube.com/watch?v=htXcUheMxrc&lc=UgwHUqiueXbuDmaKWu54AaABAg,YES,size_guide,seeking,INTENT_GENUINE,BLOCK_SIZE_SELECTION,,consideration,"What size to take for height 4'10"", bust 36, 50kg",size,creator,high,4,5,"Mera height 4,10 hai or bust size 36",True
yt_0989,youtube,2026-02-07,none,didi plz abhi bataye n mere ko nahi online karna h meeso par mai 5 fit 3 inch ki hu or 42 kg ki to kon sa size ayega plz di abhi reply 👏👏👏 exam ke liye lena h please 😢,https://www.youtube.com/watch?v=htXcUheMxrc&lc=UgxJ2W2lPBz_6wA3A6d4AaABAg,YES,size_guide,seeking,INTENT_OCCASION,BLOCK_SIZE_SELECTION,,consideration,"What size for meesho 5'3"", 42kg for exam",size,creator,high,4,5,meeso par mai 5 fit 3 inch ki hu,True
yt_0992,youtube,2025-12-25,none,Didi 12 year ki hun mera megerment 29 hai to konsa size lon 28a ya 30a please help me for sports bra,https://www.youtube.com/watch?v=htXcUheMxrc&lc=Ugwlfav2I9ZjJlYoH354AaABAg,YES,size_guide,seeking,INTENT_GENUINE,BLOCK_SIZE_SELECTION,,consideration,What size sports bra for 12 year old with 29 measurement,size,creator,high,4,5,12 year ki hun mera megerment 29 hai,True
yt_0995,youtube,2025-12-17,none,Height 5fit 1 weight 56kg mhuje konsa size hoga(muje losse dress pasand hea... bohot jada bhi nehi),https://www.youtube.com/watch?v=htXcUheMxrc&lc=UgxeVRh7uHlj6MLACv94AaABAg,YES,size_guide,seeking,INTENT_GENUINE,BLOCK_SIZE_SELECTION,BLOCK_BODY_PROJECTION,consideration,"What size for height 5'1, 56kg for loose dress",fit,creator,high,4,5,Height 5fit 1 weight 56kg mhuje konsa size,True
yt_0997,youtube,2025-12-13,none,Mera 34 hai konsa size hai plz jaldi batana plz plz,https://www.youtube.com/watch?v=htXcUheMxrc&lc=UgxkMTp6Z6vRxJnCndB4AaABAg,YES,size_guide,seeking,INTENT_GENUINE,BLOCK_SIZE_SELECTION,,consideration,What size for 34 measurement,size,creator,high,3,5,Mera 34 hai konsa size hai,True
yt_0999,youtube,2025-12-12,none,Sister Mera bada bachcha 6 years ka or Chhota 4 years ka h to kon sa size . Xs ya s  please reply,https://www.youtube.com/watch?v=htXcUheMxrc&lc=Ugw7KCkAaIdN9vEjsil4AaABAg,YES,size_guide,seeking,INTENT_GENUINE,BLOCK_SIZE_SELECTION,,consideration,What size (XS or S) for 6 year old and 4 year old children,size,creator,high,3,5,bada bachcha 6 years ka or Chhota 4 years,True
yt_1002,youtube,2025-11-23,none,Height 5'3 nd weight 54 konse size ka lower lu sister,https://www.youtube.com/watch?v=htXcUheMxrc&lc=Ugz2BBLkkgkfUQgCymJ4AaABAg,YES,size_guide,seeking,INTENT_GENUINE,BLOCK_SIZE_SELECTION,,consideration,"What size lower for height 5'3"", weight 54kg",size,creator,high,3,5,Height 5'3 nd weight 54 konse size,True
yt_1003,youtube,2025-11-23,none,""" M "" Size yeah L size leh sakte hai ☺️ aap",https://www.youtube.com/watch?v=htXcUheMxrc&lc=Ugz2BBLkkgkfUQgCymJ4AaABAg.APreUGY2AVeAPrhJn2kPlA,YES,size_guide,seeking,INTENT_GENUINE,BLOCK_CHOICE_COMPARISON,,comparison,Should M size or L size be taken,size,creator,high,3,5,,False
yt_1005,youtube,2025-11-08,none,Mera height 5 feet or chest size 32 or  mera weight 40 kg to mere  konshs size  he 😢,https://www.youtube.com/watch?v=htXcUheMxrc&lc=UgyJnfv_TZ2CffX_5D14AaABAg,YES,size_guide,seeking,INTENT_GENUINE,BLOCK_SIZE_SELECTION,,consideration,"What size for height 5ft, chest size 32, 40kg",size,creator,high,3,5,Mera height 5 feet or chest size 32,True
yt_1010,youtube,2025-10-15,none,"Kya meesho pr hr suit ka size same hota h
Please reply fast mam",https://www.youtube.com/watch?v=htXcUheMxrc&lc=UgwpJcq29koX4dCLngF4AaABAg,YES,size_guide,seeking,INTENT_GENUINE,BLOCK_CHART_UNRELIABLE,,consideration,Is the size of every suit the same on Meesho,size,creator,medium,3,5,Kya meesho pr hr suit ka size same hota h,True
yt_1011,youtube,2025-10-15,none,​@YesminKhatun-uz9yg I mean jb m suit order krti hu size chart ke according M aata h but ab aapki video ke according XL aa rha h,https://www.youtube.com/watch?v=htXcUheMxrc&lc=UgwpJcq29koX4dCLngF4AaABAg.AOHszG-jV-TAOHubpjUUkD,YES,size_guide,seeking,INTENT_GENUINE,BLOCK_CHART_UNRELIABLE,,consideration,Why size according to chart is M but according to video it is XL,size,creator,medium,3,5,,False
yt_1014,youtube,2025-10-15,none,​​@YesminKhatun-uz9yg Mera size aapki video ke according XS aata h,https://www.youtube.com/watch?v=htXcUheMxrc&lc=UgwpJcq29koX4dCLngF4AaABAg.AOHszG-jV-TAOI70J9mi5a,YES,size_guide,seeking,INTENT_GENUINE,BLOCK_CHART_UNRELIABLE,,consideration,Video says size is XS,size,creator,medium,2,4,Mera size aapki video ke according XS,True
yt_1016,youtube,2025-10-13,none,Mere hight 4fit 9inch h wet 38h jince kon saiz lagegi,https://www.youtube.com/watch?v=htXcUheMxrc&lc=UgywL4ISdnebaMp6gpZ4AaABAg,YES,size_guide,seeking,INTENT_GENUINE,BLOCK_SIZE_SELECTION,,consideration,Which size should I order based on my height and weight?,size,,high,4,5,jince kon saiz lagegi,True
yt_1018,youtube,2025-10-12,none,"Meri height 5,2 hai or bust size 36 or 51 kg hai to mujhe konsa Lena chahiye",https://www.youtube.com/watch?v=htXcUheMxrc&lc=UgxaqFR8rQ-x6ahAYK54AaABAg,YES,size_guide,seeking,INTENT_GENUINE,BLOCK_SIZE_SELECTION,,consideration,"Which size should I order for my height, bust, and weight?",size,,high,4,5,mujhe konsa Lena chahiye,True
yt_1021,youtube,2025-10-12,none,​@YesminKhatun-uz9yg hojayegi feet online order Karna hai to or M size kaisi rahegi,https://www.youtube.com/watch?v=htXcUheMxrc&lc=UgxaqFR8rQ-x6ahAYK54AaABAg.AO9zhDsLZkHAOA-QmeCiTe,YES,size_guide,seeking,INTENT_GENUINE,BLOCK_SIZE_SELECTION,,consideration,Will M size fit me?,size,,high,3,4,M size kaisi rahegi,True
yt_1022,youtube,2025-10-12,none,​@YesminKhatun-uz9ygonline order Karna hai to feet hojayegi or M size kaisa rahega,https://www.youtube.com/watch?v=htXcUheMxrc&lc=UgxaqFR8rQ-x6ahAYK54AaABAg.AO9zhDsLZkHAOA-cyAF1Mm,YES,size_guide,seeking,INTENT_GENUINE,BLOCK_SIZE_SELECTION,,consideration,How will M size fit?,size,,high,3,4,M size kaisa rahega,True
yt_1025,youtube,2025-10-12,none,​@YesminKhatun-uz9ygor M size kaisa rahega 😅,https://www.youtube.com/watch?v=htXcUheMxrc&lc=UgxaqFR8rQ-x6ahAYK54AaABAg.AO9zhDsLZkHAOA-og7uh2K,YES,size_guide,seeking,INTENT_GENUINE,BLOCK_SIZE_SELECTION,,consideration,How will M size fit?,size,,high,3,4,M size kaisa rahega,True
yt_1026,youtube,2025-10-12,none,​@YesminKhatun-uz9ygor M size kaisa rahega ❤ please jara batadijiye,https://www.youtube.com/watch?v=htXcUheMxrc&lc=UgxaqFR8rQ-x6ahAYK54AaABAg.AO9zhDsLZkHAOA-yIoiKDN,YES,size_guide,seeking,INTENT_GENUINE,BLOCK_SIZE_SELECTION,,consideration,How will M size fit?,size,,high,3,4,M size kaisa rahega,True
yt_1028,youtube,2025-10-11,none,Sis I'm 5'6 and 46 kg number me kon sa size,https://www.youtube.com/watch?v=htXcUheMxrc&lc=UgzWwjfOxf7iYigrCst4AaABAg,YES,size_guide,seeking,INTENT_GENUINE,BLOCK_SIZE_SELECTION,,consideration,What size should I order for my height and weight?,size,,high,4,5,kon sa size,True
yt_1030,youtube,2025-10-10,none,"Meri ht 5"" 2 wt 56 kg bust 37 h mujhe konsa size ayega plz reply fast",https://www.youtube.com/watch?v=htXcUheMxrc&lc=Ugw7w-mZxA0b8SOuC7p4AaABAg,YES,size_guide,seeking,INTENT_GENUINE,BLOCK_SIZE_SELECTION,,consideration,"What size will fit me given my height, weight, and bust?",size,,high,4,5,mujhe konsa size ayega,True
yt_1033,youtube,2025-10-09,none,Sister i'm 5'3 and of 42 kg so mujhe kis size ka lena chahiye because medium to mere bada ara hai,https://www.youtube.com/watch?v=htXcUheMxrc&lc=UgxIU0cnBKWgeco84PR4AaABAg,YES,size_guide,seeking,INTENT_GENUINE,BLOCK_SIZE_SELECTION,,consideration,What size should I take since medium is too big?,size,,high,4,5,mujhe kis size ka lena chahiye,True
yt_1035,youtube,2025-10-08,none,sister mera weight 59 hai 😢 kapde online kis saiz ki lu,https://www.youtube.com/watch?v=htXcUheMxrc&lc=Ugz5ynbiyH2ibGcHO5J4AaABAg,YES,size_guide,seeking,INTENT_GENUINE,BLOCK_SIZE_SELECTION,,consideration,What size should I order online for my weight?,size,,high,4,5,kapde online kis saiz ki lu,True
yt_1037,youtube,2025-12-07,none,Mere Abba ka weight 98 kg h kitna size order kare,https://www.youtube.com/watch?v=htXcUheMxrc&lc=Ugz5ynbiyH2ibGcHO5J4AaABAg.AO0qipgfKEUAQRVMwdb24R,YES,size_guide,seeking,INTENT_GENUINE,BLOCK_SIZE_SELECTION,,consideration,What size should be ordered for a 98 kg weight?,size,,high,4,5,kitna size order kare,True
yt_1039,youtube,2025-10-07,none,Sister Meri waight 40hay me konsa hoga M yah S,https://www.youtube.com/watch?v=htXcUheMxrc&lc=UgyhIeyrlILOpvVZ_5B4AaABAg,YES,size_guide,seeking,INTENT_GENUINE,BLOCK_SIZE_SELECTION,,consideration,Should I choose M or S for my weight?,size,,high,4,5,M yah S,True
yt_1041,youtube,2025-10-06,none,Sister my 57 kg or kapda looj chahiye to kon sa size mangvai,https://www.youtube.com/watch?v=htXcUheMxrc&lc=UgwAPqn4k6OPL9pI5GJ4AaABAg,YES,size_guide,seeking,INTENT_GENUINE,BLOCK_SIZE_SELECTION,,consideration,Which size should I order if I want a loose fit?,size,,high,4,5,kon sa size mangvai,True
yt_1048,youtube,2025-09-28,none,Sister mera weight 45 h lambli ptlu ladki hu,https://www.youtube.com/watch?v=htXcUheMxrc&lc=UgzAoplNK73tdXTTwP94AaABAg,YES,size_guide,seeking,INTENT_GENUINE,BLOCK_SIZE_SELECTION,,consideration,What size should I get for my weight and body type?,size,,high,3,4,lambli ptlu ladki hu,True
yt_1052,youtube,2025-09-25,none,Sister mera weight 35 hai to mujhe M size sahi rahega na mai ptli hi hu but mujhe loose chahiye to M mai loose rhega na,https://www.youtube.com/watch?v=htXcUheMxrc&lc=UgzBoye9jg6PS_8BfpV4AaABAg,YES,size_guide,seeking,INTENT_GENUINE,BLOCK_SIZE_SELECTION,,consideration,Will M size be loose enough for me?,size,,high,4,5,M mai loose rhega na,True
yt_1054,youtube,2025-09-25,none,"Ha but aap ""M""  Size k jah gye X's ""S"" leh sakti hai ""M "" size bohot jada loose ho sakti hai ☺️",https://www.youtube.com/watch?v=htXcUheMxrc&lc=UgzBoye9jg6PS_8BfpV4AaABAg.ANVFoIr4DWHANVNh3oAn3R,YES,size_guide,advising,,,,consideration,,size,,low,1,5,,False
yt_1055,youtube,2025-09-25,none,L size kitna loose hota hai please reply,https://www.youtube.com/watch?v=htXcUheMxrc&lc=UgzxZXiZCpa0b8bUeEB4AaABAg,YES,size_guide,seeking,INTENT_GENUINE,BLOCK_BODY_PROJECTION,,consideration,How loose is the L size?,fit,,high,3,5,L size kitna loose hota hai,True
yt_1057,youtube,2025-09-23,none,34 size breast ka konsi size haii please reply???,https://www.youtube.com/watch?v=htXcUheMxrc&lc=Ugx0MsZZL2e1M5JgIg14AaABAg,YES,size_guide,seeking,INTENT_GENUINE,BLOCK_SIZE_SELECTION,,consideration,What is the correct size for a 34 breast size?,size,,high,4,5,konsi size haii,True
yt_1062,youtube,2026-08-11,none,Mere height 5.5in hai me konsi size lu  k kurta ghutna k niche tak aye,https://www.youtube.com/watch?v=Li81sECrxH0&lc=UgxSqiY68KSNgJDlNst4AaABAg,YES,size_guide,seeking,INTENT_GENUINE,BLOCK_STYLING,BLOCK_SIZE_SELECTION,consideration,Which size should I take so the kurta reaches below the knee?,size,,high,4,5,kurta ghutna k niche tak aye,True
yt_1064,youtube,2026-07-05,none,"Meri height 5,1hai mera weigh 40 konsi seize me Kurti leni chahiye",https://www.youtube.com/watch?v=Li81sECrxH0&lc=Ugwcaf6JBIYAlvqwZ3B4AaABAg,YES,size_guide,seeking,INTENT_GENUINE,BLOCK_SIZE_SELECTION,,consideration,Which size kurta should I buy for my height and weight?,size,,high,4,5,konsi seize me Kurti leni chahiye,True
yt_1065,youtube,2026-06-20,none,Waist 32 Inch and hlp 40 inch hai...to size kya hoga . please bta do,https://www.youtube.com/watch?v=Li81sECrxH0&lc=UgwmzeAKGKcd_VUUF9J4AaABAg,YES,size_guide,seeking,INTENT_GENUINE,BLOCK_SIZE_SELECTION,,consideration,What size should I order for a 32 inch waist and 40 inch hip?,size,none,high,4,5,Waist 32 Inch and hlp 40 inch hai...to size kya hoga,True
yt_1071,youtube,2026-05-29,none,Mujhe tank top lena hai aur hight 5  feet 3 inch hai 47 kg,https://www.youtube.com/watch?v=Li81sECrxH0&lc=UgwpPuhTC-0zVboFDIx4AaABAg,YES,size_guide,seeking,INTENT_GENUINE,BLOCK_SIZE_SELECTION,,consideration,What size tank top should I buy given my height and weight?,size,none,high,3,5,Mujhe tank top lena hai,True
yt_1072,youtube,2026-05-24,none,Meri hight 5 feet 5inch aur weight 50 hai mujhe ghutne ke upar ate hai aisa night dress lena hai please suggest kon sa size lu,https://www.youtube.com/watch?v=Li81sECrxH0&lc=UgxPog8zmUXqOsMrXTR4AaABAg,YES,size_guide,seeking,INTENT_GENUINE,BLOCK_SIZE_SELECTION,,consideration,What size night dress should I take?,size,none,high,4,5,kon sa size lu,True
yt_1074,youtube,2026-04-27,none,Mam mujh ye bta skti h ki mene inchi tap se apna body ka mearment liy to 4 xl aa rha h but thigh 35 aur jo aarm hoti hai na bhah ye 19 aa rhi jyda ye kyu kitni honi chiye vaise 4 xl ke husab se,https://www.youtube.com/watch?v=Li81sECrxH0&lc=UgyQnUWW8b0jOeeFRNF4AaABAg,YES,size_guide,seeking,INTENT_GENUINE,BLOCK_SIZE_SELECTION,,consideration,Why are my thigh and arm measurements different from standard 4XL measurements?,size,none,medium,3,4,,False
yt_1076,youtube,2026-04-13,none,Mam mera height 154 h to pjama kon sa size ke le aur wait 55 kg h pls help me,https://www.youtube.com/watch?v=Li81sECrxH0&lc=UgzCoEU412tFC5mRkBJ4AaABAg,YES,size_guide,seeking,INTENT_GENUINE,BLOCK_SIZE_SELECTION,,consideration,What size pajama should I buy for height 154 and weight 55 kg?,size,none,high,4,5,pjama kon sa size ke le,True
yt_1080,youtube,2026-03-15,none,L size thik rehta h meri mummy thodi heavy h btana plZ ZDA NI bss thodi,https://www.youtube.com/watch?v=Li81sECrxH0&lc=UgzAlSXEcVklNBSN-9p4AaABAg,YES,size_guide,seeking,INTENT_GENUINE,BLOCK_SIZE_SELECTION,,consideration,Will L size fit my slightly heavy mother?,size,none,high,3,4,L size thik rehta h meri mummy thodi heavy h,True
yt_1081,youtube,2026-03-16,none,"Agar heavy hai toh XL size check kar lijiye, zyada comfortable rahega 👍",https://www.youtube.com/watch?v=Li81sECrxH0&lc=UgzAlSXEcVklNBSN-9p4AaABAg.AUO81F-SXVtAUP06yfSU17,YES,size_guide,advising,,,,consideration,,size,none,medium,2,5,Agar heavy hai toh XL size check kar lijiye,True
yt_1083,youtube,2025-11-23,none,But different brands follow different sizing. Always chk,https://www.youtube.com/watch?v=Li81sECrxH0&lc=UgxZPVSqeGbcAmii2tx4AaABAg,YES,size_guide,advising,,,,consideration,,size,none,low,3,5,different brands follow different sizing,True
yt_1096,youtube,2025-12-20,ajio,Bhai ajio se hair dryer lena safe rahega kya qki ajio mai return or exchange nhi de raha  agar product damaged agaya toh kaise return karunga ??,https://www.youtube.com/watch?v=XqtVXwHLHvk&lc=UgwH_4phOaZ44So_kh94AaABAg,YES,review_comparison,seeking,INTENT_GENUINE,BLOCK_RETURN_FRICTION,,consideration,How to return a damaged product if Ajio has no return or exchange policy?,,none,low,5,5,ajio mai return or exchange nhi de raha,True
yt_1097,youtube,2025-12-20,none,Bhai agar return exchange nehi ha to mat lo scam hone k chance hai ...usse accha thoda jada deke dusri site se lo,https://www.youtube.com/watch?v=XqtVXwHLHvk&lc=UgwH_4phOaZ44So_kh94AaABAg.AQyLkyKq7PqAQyMEqL_v-A,YES,review_comparison,advising,,,,consideration,,,none,low,4,5,agar return exchange nehi ha to mat lo,True
yt_1099,youtube,2025-12-28,myntra,​@helpinghandndproduct ka thoda Myntra pe kom dikha rahe quality same hai ya fir myntra best hai ??,https://www.youtube.com/watch?v=XqtVXwHLHvk&lc=UgwH_4phOaZ44So_kh94AaABAg.AQyLkyKq7PqARHOXK5BmPE,YES,review_comparison,seeking,INTENT_GENUINE,BLOCK_FABRIC_QUALITY,,comparison,Is the quality on Myntra the same as shown elsewhere when the price is lower?,fabric,none,medium,3,4,quality same hai ya fir myntra best hai,True
yt_1106,youtube,2025-12-28,myntra,​@KumarRaushan143same clothes jio mai vhi hai myntra may vhi hai ....jio mai thoda kom rice hai...agar ke loon to kiya myntra se quality kom rahega ??ya same?,https://www.youtube.com/watch?v=XqtVXwHLHvk&lc=UgyUz_2ajp8thw_F70d4AaABAg.ANZJgw5K0L4ARHOhc7YuWP,YES,review_comparison,seeking,INTENT_GENUINE,BLOCK_FABRIC_QUALITY,,comparison,Is the quality lower on Ajio compared to Myntra due to lower prices?,fabric,none,medium,3,4,,False
yt_1237,youtube,2026-02-27,none,Chindi chori. Isse better hoga add to wish list and wait for sale,https://www.youtube.com/watch?v=1dgDXkc-lJ8&lc=UgzsQe87VHgDK-2iRYN4AaABAg,YES,other,advising,INTENT_PRICE_WATCH,,,saved,,,none,low,2,4,add to wish list and wait for sale,True
yt_1276,youtube,2026-02-24,ajio,Day 6 of educating people bcoz i tried this hack few years back once or twice then cod option got disabled for me😂now everywhere whether on flipkart or ajio if u have to shop more to get a discount and u try to cancel one or more product it will cancel ur whole order 😂,https://www.youtube.com/watch?v=1dgDXkc-lJ8&lc=Ugys40NYxAHn4KP9--94AaABAg,YES,other,advising,,,,,,,none,low,3,5,it will cancel ur whole order,True
yt_1285,youtube,2026-02-23,none,"2 saal phle kr chuka hu ....
uske baad agar tmne normall
ye loophole ni normal B order cancle ya return kia sirf 2-3 order Account suspend ..
acc chlta rhega Cart open ni hota try krlena",https://www.youtube.com/watch?v=1dgDXkc-lJ8&lc=Ugyj5PIg2-HpazheGSt4AaABAg,YES,other,advising,,,,,,,none,low,3,4,Order cancle ya return kia sirf 2-3 order Account suspend,True
yt_1387,youtube,2026-08-07,myntra,1st one under 400 available in myntra ..not sure same brand ...,https://www.youtube.com/watch?v=50tb2Dotblg&lc=UgzooeJxPqAW3jcMsM94AaABAg.ASN5LaObFvVA_CRMututkX,YES,haul,advising,INTENT_GENUINE,,,discovery,,alternatives,none,medium,2,4,1st one under 400 available in myntra,True
yt_1469,youtube,2026-02-10,none,3rd wala ka colour red ya pink shadehai?,https://www.youtube.com/watch?v=E5QJlY9mrxk&lc=UgyYjufp4WMfb2LjAdt4AaABAg.ANNB48YwIP9AT2wbAXf2ma,YES,haul,seeking,INTENT_GENUINE,BLOCK_FABRIC_QUALITY,,consideration,What is the exact color shade (red or pink) of the 3rd item?,fabric,none,medium,2,4,3rd wala ka colour red ya pink shadehai?,True
yt_1550,youtube,2025-11-09,none,Jo apne pahna h wo alag lag rha but jo link se mil rha wo different h dupatta bhi esa kyu?,https://www.youtube.com/watch?v=RJJ9l-jLAP8&lc=Ugyy50ndsfQyd3eNrYZ4AaABAg,YES,haul,seeking,INTENT_GENUINE,BLOCK_IMAGE_DISTRUST,,consideration,Why is the worn item different from the linked product including the dupatta?,,none,low,3,5,jo link se mil rha wo different h,True
yt_1553,youtube,2025-11-03,none,Not good wearing dress is round neck link affiliate picture v neck its track business,https://www.youtube.com/watch?v=RJJ9l-jLAP8&lc=UgykgS52SrS4bIp_BP14AaABAg,YES,haul,seeking,,BLOCK_IMAGE_DISTRUST,,consideration,Why does the worn dress have a round neck while the link shows a V-neck?,,none,low,4,5,link affiliate picture v neck its track business,True
yt_1563,youtube,2025-11-09,none,First wala to video aur app pe different hai,https://www.youtube.com/watch?v=RJJ9l-jLAP8&lc=UgwmGHR5j-RYS_ot5oR4AaABAg.AOL7vnEuPliAPIXm_OAEHq,YES,haul,seeking,,BLOCK_IMAGE_DISTRUST,,consideration,Why does the first item look different in the video versus the app?,,none,low,3,5,First wala to video aur app pe different hai,True
yt2_0011,youtube,2026-08-16,myntra,"Purchase branded items only from the original/official shops. Flipkart and Myntra also sell products from various sellers, and some of them may be counterfeit. I received a counterfeit Levi’s item, so please don’t spread false information.",https://www.youtube.com/watch?v=OjM7ne7bezw&lc=Ugw1yFzDF1KOZ8m1c1R4AaABAg,YES,review_comparison,advising,,,,discovery,,authenticity,,low,1,5,Purchase branded items only from the original/official shops.,True
yt2_0018,youtube,2026-08-15,none,"Here&now ka M 40 size nhi dikh rha h video me..
App me Size 40 me chest 46 aa rha h.. mereko chest 40 hota h",https://www.youtube.com/watch?v=OjM7ne7bezw&lc=UgxpVMjZ9oUEXX6w_mJ4AaABAg,YES,review_comparison,seeking,INTENT_GENUINE,BLOCK_SIZE_SELECTION,,consideration,What size should I order given my chest measurement?,size,,medium,4,5,mereko chest 40 hota h,True
yt2_0026,youtube,2026-08-14,none,Bear house aur here and now ki shirt durable hai ya nhi,https://www.youtube.com/watch?v=OjM7ne7bezw&lc=Ugx2Pdx3mCqPdxRF2cR4AaABAg,YES,review_comparison,seeking,INTENT_GENUINE,BLOCK_DURABILITY_VALUE,,consideration,Are these shirts durable?,durability,,medium,3,5,Bear house aur here and now ki shirt durable hai ya nhi,True
yt2_0038,youtube,2026-08-14,none,Thank you so much 🙏 but mere size ka nahi hai 😢😢😢,https://www.youtube.com/watch?v=OjM7ne7bezw&lc=Ugx77oqeSukqjtzmMBd4AaABAg,YES,review_comparison,seeking,INTENT_GENUINE,BLOCK_SIZE_SELECTION,,consideration,Is my size available?,size,,low,4,5,mere size ka nahi hai,True
yt2_0039,youtube,2026-08-14,none,​@BuyerExpertmera shirt size mai chest ka 36 maximum hai 😢😢 and 34 hai 😢,https://www.youtube.com/watch?v=OjM7ne7bezw&lc=Ugx77oqeSukqjtzmMBd4AaABAg.A_V1ztaFr7RA_V5JdqJe8B,YES,review_comparison,seeking,INTENT_GENUINE,BLOCK_SIZE_SELECTION,,consideration,Do they have my chest size?,size,,medium,4,5,mera shirt size mai chest ka 36 maximum hai,True
yt2_0040,youtube,2026-08-14,none,"​@BuyerExperthaa yaar , 😢 but aana chahiye main aap ki har ek videos dekhta hu ki kuch mere size ka mil jaaye but nahi 😭😭",https://www.youtube.com/watch?v=OjM7ne7bezw&lc=Ugx77oqeSukqjtzmMBd4AaABAg.A_V1ztaFr7RA_V6ooag6Zc,YES,review_comparison,seeking,INTENT_GENUINE,BLOCK_SIZE_SELECTION,,consideration,Will I find something in my size?,size,youtube,low,4,5,kuch mere size ka mil jaaye but nahi,True
yt2_0045,youtube,2026-08-14,none,Agla video wahi h sabse popular 10 mene order karke rakha h,https://www.youtube.com/watch?v=OjM7ne7bezw&lc=UgzIdfhvNH9mWa0LBnh4AaABAg.A_UzwReJ0BdA_V45tSUctU,YES,review_comparison,advising,,,,discovery,,,,low,1,5,Agla video wahi h sabse popular 10 mene order karke rakha h,True
yt2_0060,youtube,2026-03-04,none,Bhai aapne jo pehna hai vo h and m hai kya,https://www.youtube.com/watch?v=p0z6dwVFqwY&lc=UgxhQzBxfK71eoesDx54AaABAg,YES,haul,seeking,INTENT_GENUINE,BLOCK_LISTING_INCOMPLETE,,discovery,What size is the creator wearing?,size,creator,medium,2,5,Bhai aapne jo pehna hai vo h and m hai kya,True
yt2_0066,youtube,2026-02-20,none,"Hey! Can you Please make a detailed review on Arctic Hunter bags? EsPecially their sling bags, crossbody bags, and college\travel backPacks. They seem very Promising, and in the Pictures they look really well made with high quality materials. But I trust your oPinion more and would genuinely love to hear your honest thoughts before buying. Would really aPPreciate it 🫡",https://www.youtube.com/watch?v=p0z6dwVFqwY&lc=UgzPpN_O6l2kDcsDpJl4AaABAg,YES,haul,seeking,INTENT_GENUINE,BLOCK_FABRIC_QUALITY,,consideration,What is the actual quality and build of these bags?,reviews,creator,medium,3,5,love to hear your honest thoughts before buying,True
yt2_0073,youtube,2026-02-19,none,the one you are wearing is better than all of them. Tell me about that,https://www.youtube.com/watch?v=p0z6dwVFqwY&lc=UgwUQCN-w_CBa3-8FbJ4AaABAg,YES,haul,seeking,INTENT_GENUINE,,,discovery,What is the product the creator is wearing?,,creator,medium,2,5,the one you are wearing is better than all of them.,True
yt2_0074,youtube,2026-02-19,none,"Jo shirt pahna hai bro
Uske baare me batao
Yaa link dedo",https://www.youtube.com/watch?v=p0z6dwVFqwY&lc=UgzE9S_Vq5Y2lNBT7fV4AaABAg,YES,haul,seeking,INTENT_GENUINE,,,discovery,Where can I find the shirt the creator is wearing?,,creator,high,2,5,Jo shirt pahna hai bro Uske baare me batao Yaa link dedo,True
yt2_0086,youtube,2026-02-19,myntra,"#3:31 bhai is H&M wale shirt pr jhol hai maine 3 months pahle 900 ₹ mai MYNTRA se purchase kiya the, official site aur Myntra pr ye musturd yellow bataya ja raha hai Myntra pr review bhi dekhoge to kisi ne yellow mai photo b dali hai par mere pass mehndi colour /pista green aaya aur tag pr MRP b 1799 jabki ye MRP Oxford shirt ki 1499 se 1799 abhi change hui hai..log return b isliye nahi kr rahe k tag 1799 ka hai half mai Aa gya baki colour b badiya hai",https://www.youtube.com/watch?v=p0z6dwVFqwY&lc=UgyNjAXp5zC-Kt_hLox4AaABAg,YES,haul,advising,,,,post_purchase,,fabric,reddit,low,3,5,,False
yt2_0092,youtube,2026-02-19,none,"Bhaiya full sleeve  Polo collar t-shirt per lao video 

Garmi a gai hai shirt Log kitne pahne ke bar bar iron karni padati hai 
T-shirt theek rahata hai casually pahnane ke liye budget mein lawyer tum bahut jyada mahange 

Ham hajar rupaye mein factoriyon se behtarin shirt Le lete Hain 
Unke mukabale mein yah bear house vagaira kuchh nahin Hai",https://www.youtube.com/watch?v=p0z6dwVFqwY&lc=UgwFPPuXgV_pyv_BBdd4AaABAg,YES,haul,seeking,INTENT_GENUINE,BLOCK_DURABILITY_VALUE,,discovery,,,creator,low,3,5,Bhaiya full sleeve Polo collar t-shirt per lao video,True
yt2_0121,youtube,2026-05-17,none,Fact- linen cloth costs around 950 per sq m. In local shop it takes 1.5m minimum to make shirt u ain't getting a real lenin shirt under 1000.,https://www.youtube.com/watch?v=nYHLXPiNUA8&lc=Ugzs8s_3bmreFOGvouN4AaABAg,YES,haul,advising,,,,discovery,,fabric,,low,3,5,u ain't getting a real lenin shirt under 1000.,True
yt2_0122,youtube,2026-04-25,none,Bhai brown m koi budget m btao around 600 /-,https://www.youtube.com/watch?v=nYHLXPiNUA8&lc=UgypPwT6qCgU_3YIuLR4AaABAg,YES,haul,seeking,INTENT_GENUINE,,,discovery,Are there brown options around 600?,alternatives,creator,high,2,5,Bhai brown m koi budget m btao around 600 /-,True
yt2_0125,youtube,2026-04-22,none,M&h is good one other looks cheap… do recommend.,https://www.youtube.com/watch?v=nYHLXPiNUA8&lc=UgzxK5GSdIQu09wEVkR4AaABAg,YES,haul,advising,,,,comparison,,,,low,1,5,M&h is good one other looks cheap… do recommend.,True
yt2_0126,youtube,2026-04-06,none,Bhai Abhi 1500 ki Half Slvees Shirts kaun lega,https://www.youtube.com/watch?v=nYHLXPiNUA8&lc=UgyONwhMKSRyTOH9aT94AaABAg,YES,haul,seeking,INTENT_GENUINE,BLOCK_DURABILITY_VALUE,,consideration,Is 1500 justified for half sleeves shirts?,durability,,low,3,5,Bhai Abhi 1500 ki Half Slvees Shirts kaun lega,True
yt2_0127,youtube,2026-04-04,none,714 me white Jins plus roster ka linen and cotton mix 😅 do chij magwa liya 714 me full outfit shoe 👟 redtape ka and ek watch ⌚ add bus ban gya premium 😅😅,https://www.youtube.com/watch?v=nYHLXPiNUA8&lc=UgxGAQoj_F3zzyU5_pd4AaABAg,YES,haul,seeking,INTENT_GENUINE,,,decision,,,,high,1,5,do chij magwa liya 714 me full outfit,True
yt2_0128,youtube,2026-03-14,none,मैं देख रहा था की कब 400 ₹ वाली Shirt आयेगी..... लेकिन नहीं लायी भाई आपने 😂😂,https://www.youtube.com/watch?v=nYHLXPiNUA8&lc=Ugziiyq7pGUDlSAJskR4AaABAg,YES,haul,seeking,INTENT_GENUINE,,,discovery,,,creator,low,2,5,मैं देख रहा था की कब 400 ₹ वाली Shirt आयेगी,True
yt2_0132,youtube,2026-03-06,none,"Ismai wrinkle padti hai kya, verna bahut jalti kharab ho jaati hogi",https://www.youtube.com/watch?v=nYHLXPiNUA8&lc=UgybyNRHmnwqLB-I77Z4AaABAg,YES,haul,seeking,INTENT_GENUINE,BLOCK_FABRIC_QUALITY,,consideration,Does this wrinkle easily or get ruined quickly?,fabric,,medium,3,5,"Ismai wrinkle padti hai kya, verna bahut jalti kharab ho jaati hogi",True
yt2_0133,youtube,2026-03-05,none,Bro how come Nautica L size fit U.. L chest is 45 size😂 i am surprised,https://www.youtube.com/watch?v=nYHLXPiNUA8&lc=UgxKOQL7CRXnBew8lVB4AaABAg,YES,haul,advising,,,,discovery,,size,,low,1,5,Nautica L size fit U.. L chest is 45 size,True
yt2_0134,youtube,2026-03-04,none,Bhai mera chest ka 36 inch size hai and waist is 34 which size should I buy for the roadster shirt,https://www.youtube.com/watch?v=nYHLXPiNUA8&lc=Ugwb35qtaP0iKGTCeDp4AaABAg,YES,haul,seeking,INTENT_GENUINE,BLOCK_SIZE_SELECTION,,consideration,which size should I buy for the roadster shirt,size,,high,3,5,which size should I buy for the roadster shirt,True
yt2_0143,youtube,2026-03-03,none,cheap fabric to 200 m bhi mil jaata h hm wo sb nhi pehnte,https://www.youtube.com/watch?v=nYHLXPiNUA8&lc=UgyVAApx78MR2RjDLXZ4AaABAg.ATbx-9l2jvoATtwHGopHjA,YES,haul,advising,,,,discovery,,fabric,,low,1,5,cheap fabric to 200 m bhi mil jaata h,True
yt2_0146,youtube,2026-02-23,none,"Lilen is not comfortable for indian weather, lilen is not light weight",https://www.youtube.com/watch?v=nYHLXPiNUA8&lc=UgxOvCjPXzoFqnonvUt4AaABAg,YES,haul,advising,,,,discovery,,fabric,,low,1,5,Lilen is not comfortable for indian weather,True
yt2_0149,youtube,2026-02-23,none,"Snitch k review....for white shirts,are they transparent?",https://www.youtube.com/watch?v=nYHLXPiNUA8&lc=UgzsFCxdGR_jEY1WCBp4AaABAg,YES,haul,seeking,INTENT_GENUINE,BLOCK_FABRIC_QUALITY,,consideration,are they transparent?,fabric,,medium,3,5,"for white shirts,are they transparent?",True
yt2_0150,youtube,2026-02-22,none,bhai wash ke baad results batana jarur ek baar,https://www.youtube.com/watch?v=nYHLXPiNUA8&lc=UgwUn88Efk2GLZVVh2x4AaABAg,YES,haul,seeking,INTENT_GENUINE,BLOCK_DURABILITY_VALUE,,consideration,bhai wash ke baad results batana jarur,durability,creator,medium,2,5,bhai wash ke baad results batana jarur ek baar,True
yt2_0158,youtube,2026-02-22,none,Bhai ek video check shirt pe bhi bana dena mujhe lena hai ❤,https://www.youtube.com/watch?v=nYHLXPiNUA8&lc=UgzodJ5mCr8NwEtHZxd4AaABAg,YES,haul,seeking,INTENT_GENUINE,,,discovery,,,creator,medium,1,5,Bhai ek video check shirt pe bhi bana dena,True
yt2_0163,youtube,2026-06-27,none,libas ke pants aapako perfect fitting me aate hai ya loose..,https://www.youtube.com/watch?v=Rbh6Hwlc-So&lc=UgyUaeiBQZLRhpX5vxx4AaABAg,YES,haul,seeking,INTENT_GENUINE,BLOCK_SIZE_SELECTION,,consideration,libas ke pants aapako perfect fitting me aate hai ya loose,fit,creator,medium,2,5,libas ke pants aapako perfect fitting me aate hai,True
yt2_0174,youtube,2026-05-15,none,"1st blue and wearing kurta sets are too good..
aramya ke kurta sets affordable dikh rahe hai..",https://www.youtube.com/watch?v=Rbh6Hwlc-So&lc=Ugz2M9COpjoe3Wzy0FJ4AaABAg,YES,haul,seeking,INTENT_GENUINE,,,consideration,,,,high,1,5,aramya ke kurta sets affordable dikh rahe hai..,True
yt2_0190,youtube,2026-05-06,none,Video.mai apka trouser nahi dikhta. Proper idea nahi ho pata,https://www.youtube.com/watch?v=iNy7dZqfzpA&lc=UgzhvBHuD9bRZjp68ht4AaABAg,YES,haul,seeking,INTENT_GENUINE,BLOCK_BODY_PROJECTION,,consideration,Proper idea nahi ho pata,fit,creator,medium,2,5,Video.mai apka trouser nahi dikhta. Proper idea nahi,True
yt2_0191,youtube,2026-05-06,none,Mam vdo mein app todha poche ja kar bhi dhikhaiye ga please,https://www.youtube.com/watch?v=iNy7dZqfzpA&lc=UgxmlqUkAnbLXL_AjR94AaABAg,YES,haul,seeking,INTENT_GENUINE,BLOCK_BODY_PROJECTION,,consideration,,fit,creator,medium,2,5,app todha poche ja kar bhi dhikhaiye ga please,True
yt2_0193,youtube,2026-05-06,none,Salwar and suit set ka koi bat ye pant vale fat Jate hai,https://www.youtube.com/watch?v=iNy7dZqfzpA&lc=UgyGwP0ZnRJoG83oZJV4AaABAg,YES,haul,advising,,,,discovery,,durability,,low,3,5,Salwar and suit set ka koi bat ye pant vale fat Jate hai,True
yt2_0202,youtube,2026-05-05,none,Plzz show short kurti which  combined with jeans plzzz,https://www.youtube.com/watch?v=iNy7dZqfzpA&lc=UgzDKQ_fALKRdl5ML_54AaABAg,YES,haul,seeking,INTENT_GENUINE,,,discovery,,styling,creator,medium,1,5,Plzz show short kurti which combined with jeans,True
yt2_0221,youtube,2026-08-17,none,"Sit p customer kaBlue sciffli work ka bottom ka review acch nhi h , but most reviews are good",https://www.youtube.com/watch?v=H47dQGCvYIk&lc=UgwpDhwTuscf5COYULZ4AaABAg,YES,haul,seeking,INTENT_GENUINE,BLOCK_REVIEW_DISTRUST,,consideration,,reviews,,medium,2,5,Blue sciffli work ka bottom ka review acch nhi h,True
yt2_0235,youtube,2026-08-13,none,"Pure  cotton,good quality wala suit dekhana anu ji festival ke liye..art silk,  mix cotton skin irritate karte he..",https://www.youtube.com/watch?v=H47dQGCvYIk&lc=Ugy7gpK1lN9lKOwpPFl4AaABAg,YES,haul,seeking,INTENT_OCCASION,BLOCK_FABRIC_QUALITY,,discovery,,fabric,creator,medium,2,5,"Pure cotton,good quality wala suit dekhana anu ji festival",True
yt2_0236,youtube,2026-08-13,none,"Flyerd anarkali for  rakshabandhan...
Good quality plz.....",https://www.youtube.com/watch?v=H47dQGCvYIk&lc=UgxhlKhwVcvsu5CptgJ4AaABAg,YES,haul,seeking,INTENT_OCCASION,,,discovery,,,creator,medium,1,5,Flyerd anarkali for rakshabandhan... Good quality plz,True
yt2_0244,youtube,2025-12-21,none,Hi anu  kya libas ke cotton blend kurta set shrink hota hei kya q ki jo mene abhi liya woh toh thoda tight ho raha hei kya kru,https://www.youtube.com/watch?v=9nP1eB-_fag&lc=UgwBcSTup1ORbMJFEUp4AaABAg,YES,haul,seeking,INTENT_GENUINE,BLOCK_FABRIC_QUALITY,BLOCK_SIZE_SELECTION,post_purchase,kya libas ke cotton blend kurta set shrink hota hei kya,fabric,creator,low,4,5,libas ke cotton blend kurta set shrink hota hei,True
yt2_0248,youtube,2025-10-28,none,Di jo second yellow aap dikhae h usme astar cotton h kya plz reply kijiyega❤❤,https://www.youtube.com/watch?v=9nP1eB-_fag&lc=UgyZehOZsHAu83tNcGt4AaABAg,YES,haul,seeking,INTENT_GENUINE,BLOCK_LISTING_INCOMPLETE,,consideration,usme astar cotton h kya,fabric,creator,high,2,5,usme astar cotton h kya plz reply kijiyega,True
yt2_0256,youtube,2025-10-25,none,I want to buy some sharara set or ethnic long skirt for mehndi and haldi......pls include something for such purpose in the next haul...❤️❤️,https://www.youtube.com/watch?v=9nP1eB-_fag&lc=Ugxr4BpJALdsv-1GZmx4AaABAg,YES,haul,seeking,INTENT_OCCASION,,,discovery,,,creator,medium,1,5,I want to buy some sharara set or ethnic,True
yt2_0268,youtube,2026-03-11,none,"Hi anu aaj ka collection bhut achcha lga❤ me isme se 2 order kr rhi hu , ho ske to work place k liy cotton saree haul bhi bnao plz muje purchase karni h",https://www.youtube.com/watch?v=gd1yPGZgTVA&lc=Ugyu5-NedqLzD3Z7TCB4AaABAg,YES,haul,seeking,INTENT_GENUINE,,,cart,,,creator,high,1,5,me isme se 2 order kr rhi hu,True
yt2_0278,youtube,2026-03-10,none,Bahut hi sunder colour and summer friendly fabric hai but  anarkali ki jagah kuch straight ya A lined kurta set hote to mai zarur hi leti,https://www.youtube.com/watch?v=gd1yPGZgTVA&lc=UgyazPi0RR4ogcs6Fxp4AaABAg,YES,haul,seeking,INTENT_GENUINE,BLOCK_STYLING,BLOCK_CHOICE_COMPARISON,consideration,kurta set in straight or A-line instead of anarkali,styling,none,medium,2,5,anarkali ki jagah kuch straight ya A lined kurta set,True
yt2_0279,youtube,2026-03-10,none,Dear Mujhe Na paint leni hai kaun se brand ki acchi hai iski fitting acchi Ho,https://www.youtube.com/watch?v=gd1yPGZgTVA&lc=UgxUkMUCXcR3bacOVzF4AaABAg,YES,haul,seeking,INTENT_GENUINE,BLOCK_LISTING_INCOMPLETE,,discovery,which brand has good pants with good fitting,size,none,low,3,5,kaun se brand ki acchi hai iski fitting acchi Ho,True
yt2_0284,youtube,2026-03-10,none,"yes, in morning the prices were lower, changed few hrs back. You can wishlist and buy later when prices drop.",https://www.youtube.com/watch?v=gd1yPGZgTVA&lc=Ugw-V5DVTwEpRHr12RB4AaABAg.AU9oqA98hgzAU9qK2dKvoc,YES,haul,advising,INTENT_PRICE_WATCH,,,saved,,,none,medium,1,5,You can wishlist and buy later when prices drop.,True
yt2_0294,youtube,2026-05-11,none,Mam try on m buttom nahin pata chal raha r,https://www.youtube.com/watch?v=fJp_bpVPuuM&lc=UgwlVRkym9L8RfSClqF4AaABAg,YES,haul,seeking,INTENT_GENUINE,BLOCK_LISTING_INCOMPLETE,,consideration,bottom details not clear in try on,styling,none,medium,2,5,try on m buttom nahin pata chal raha,True
yt2_0306,youtube,2026-05-11,none,Provided links are showing different dresses and kindly mention the price of the dress on the screen.,https://www.youtube.com/watch?v=fJp_bpVPuuM&lc=Ugycm_EQ4pIZ2wL_meR4AaABAg,YES,haul,seeking,INTENT_GENUINE,BLOCK_LISTING_INCOMPLETE,,discovery,provided links show different dresses and price is missing,,none,low,3,5,links are showing different dresses and kindly mention the price,True
yt2_0309,youtube,2026-05-11,none,Hello Anuji jo aapne last try on mein dikhaya woh suit link nahin hei with pink dupatta,https://www.youtube.com/watch?v=fJp_bpVPuuM&lc=Ugwa7wlCg7VI4Tvj2b14AaABAg,YES,haul,seeking,INTENT_GENUINE,BLOCK_LISTING_INCOMPLETE,,discovery,where is the link for the suit with pink dupatta shown in try on,,creator,medium,2,5,suit link nahin hei with pink dupatta,True
yt2_0314,youtube,2024-11-11,ajio,Trends gives best quality of clothes if you want more discount shop on ajio get more discount zudio is a just a budget store no quality colour shade if you want to go for budget store reliance yousta is best compare to zudio or you can choose ajio but budget clothing,https://www.youtube.com/watch?v=jxGZnRRyoo8&lc=UgwSiMFmiOgy5K0Knlt4AaABAg,YES,review_comparison,advising,INTENT_GENUINE,,,comparison,,,none,low,1,5,Trends gives best quality of clothes if you want more discount shop on ajio,True
yt2_0331,youtube,2026-01-05,none,"Customer returns monthly 10 to 13% aate hi h, price usi ke according rakhe",https://www.youtube.com/watch?v=58--Bxvxb04&lc=UgzCZVgLmMsQbUCSO1N4AaABAg.ARZ_wXoaQMvARapFt7px0l,YES,review_comparison,advising,,,,post_purchase,,,,low,1,5,Customer returns monthly 10 to 13% aate hi h,True
yt2_0333,youtube,2026-01-05,none,​@shaheenarts4205mai 10 years se online seller hu but 10% returns mere bhi aate h Or aise hi sabhi ke aate h ye normal h,https://www.youtube.com/watch?v=58--Bxvxb04&lc=UgzCZVgLmMsQbUCSO1N4AaABAg.ARZ_wXoaQMvARarFUh8Fda,YES,review_comparison,advising,,,,post_purchase,,,,low,1,5,10 years se online seller hu but 10% returns mere bhi aate h,True
yt2_0334,youtube,2026-01-05,none,Isse kam to nahi hoga but ho sakta h agar listing me saari details ache sd likhi gyi ho,https://www.youtube.com/watch?v=58--Bxvxb04&lc=UgzCZVgLmMsQbUCSO1N4AaABAg.ARZ_wXoaQMvARarKSou6AE,YES,review_comparison,advising,,,,consideration,,,,low,1,5,Isse kam to nahi hoga but ho sakta h agar listing me saari details ache sd likhi gyi ho,True
yt2_0355,youtube,2026-01-30,none,"പല meterial il elle ഇത്.. Rayon, viscos rayon, cotton 🤔🤔??",https://www.youtube.com/watch?v=5drKjsPBSLw&lc=Ugzw2GnR428wL87ZyUN4AaABAg,YES,review_comparison,seeking,INTENT_GENUINE,BLOCK_FABRIC_QUALITY,BLOCK_LISTING_INCOMPLETE,consideration,"What is the exact material: rayon, viscos rayon, or cotton?",fabric,none,medium,3,5,"പല meterial il elle ഇത്.. Rayon, viscos rayon, cotton 🤔🤔??",True
yt2_0357,youtube,2026-01-30,none,ഈ set തന്നെ കോട്ടൺ ഉണ്ടോ എനിക്ക് അനിയത്തി തന്നത് കോട്ടൺ ആണ്,https://www.youtube.com/watch?v=5drKjsPBSLw&lc=Ugzuk2jNOBc63voHvUd4AaABAg,YES,review_comparison,seeking,INTENT_GENUINE,BLOCK_FABRIC_QUALITY,,consideration,Is this same set available in cotton?,fabric,friends,medium,2,5,ഈ set തന്നെ കോട്ടൺ ഉണ്ടോ എനിക്ക് അനിയത്തി തന്നത് കോട്ടൺ ആണ്,True
yt2_0360,youtube,2026-01-22,myntra,"Sherikum parayanel myntra, flipkart, meesho ellam duplicate products aanu...jaipur made replica...ee items ellam wholesale price polum 1000 something und...as an online boutique owner I clearly know.... So some replicas last cheyyum for 2-3 years maximum...but ath original manufacturers nte aduthnn vaangunnath aanenkil 5-6 years okke sughaayt use cheyyam...fabric and colour guarantee undakum...oru product market il iranghi kazhinjal pinne jaipur nn orupaad sellers undakum athinte replica undakkan...appo original venda, duplicate kuranja rate il madhi enn vijarikkunnavark meesho, myntra, flipkart ellam choose cheyyam...",https://www.youtube.com/watch?v=5drKjsPBSLw&lc=UgznrsA6bdae29K9apJ4AaABAg,YES,review_comparison,advising,,,,consideration,,,,low,1,5,"Sherikum parayanel myntra, flipkart, meesho ellam duplicate products aanu",True
yt2_0362,youtube,2026-01-18,none,ഇത്രയൊക്കെ പറഞ്ഞിട്ടും ഏത് Dress ആണ് നല്ലത് എന്ന് പറഞ്ഞില്.,https://www.youtube.com/watch?v=5drKjsPBSLw&lc=Ugy0RBHFNweoYNA-xd54AaABAg,YES,review_comparison,seeking,INTENT_GENUINE,BLOCK_LISTING_INCOMPLETE,,consideration,Which dress is actually good?,alternatives,creator,low,3,5,ഏത് Dress ആണ് നല്ലത് എന്ന് പറഞ്ഞില്.,True
yt2_0369,youtube,2026-01-15,myntra,"On Myntra, one thing I noticed:   if a product is available in multiple colors, each item is priced at a huge difference. Didn't get the logic yet!!!",https://www.youtube.com/watch?v=5drKjsPBSLw&lc=UgxbQiYEAUGYvGS41Th4AaABAg,YES,review_comparison,seeking,INTENT_GENUINE,BLOCK_DURABILITY_VALUE,,comparison,Why is there a huge price difference between colors for the same product?,,none,low,2,5,each item is priced at a huge difference. Didn't get the logic yet!!!,True
yt2_0372,youtube,2026-01-15,meesho,ഞാൻ മീശയിൽ ഡ്രസ്സ് ചെയ്യുന്ന ഒരാളാണ് ഞാൻ വിൽക്കുന്നത് ക്വാളിറ്റി ഉള്ള പ്രോഡക്റ്റ് ആണ് അതിനു വിലയും ഉണ്ട് ഞാൻ എന്റെ ഷോപ്പിൽ എന്റെ കസ്റ്റമർക്ക് കൊടുക്കുന്ന അതേ ക്വാളിറ്റിയുള്ള സാധനം തന്നെയാണ്. Meesho സെല്ല് ചെയ്യുന്നത് അത്യാവശ്യം വിലയിൽ തന്നെയാണ് ഞാൻ ചെയ്യുന്നത് കുറച്ചു ക്വാളിറ്റിയുള്ള ഒരു തുണിക്ക് തന്നെ ഒരു മീറ്ററിനെ ഏകദേശം 100 രൂപ വരുമ്പോൾ ഹോൾസെയിൽ റൈറ്റ് രണ്ടര മീറ്റർ ടോപ്പ്. 2m ബോട്ടം. രണ്ടേകാൽ മീറ്റർ ഷോ ഏതു തുണിയായാലും കുറച്ച് ലൈഫ് കിട്ടണമെങ്കിൽ അതിൽ ലൈനിങ് അറ്റാച്ച് ചെയ്യണം കോട്ടൻ ആണെങ്കിൽ അപ്പോൾ അതിന്റെ പൈസയും വേണ്ടേ അതെല്ലാം കൂടെ ചേർക്കുമ്പോൾ 400 രൂപയ്ക്കും 500 രൂപയ്ക്കും എങ്ങനെ ക്വാളിറ്റി ഉള്ള ഒരു സാധനം കിട്ടും,https://www.youtube.com/watch?v=5drKjsPBSLw&lc=UgxBeyj2DTZiiT2QU-94AaABAg,YES,review_comparison,advising,,,,consideration,,,,low,1,5,400 രൂപയ്ക്കും 500 രൂപയ്ക്കും എങ്ങനെ ക്വാളിറ്റി ഉള്ള ഒരു സാധനം കിട്ടും,True
yt2_0376,youtube,2026-01-15,meesho,"Hloo Aishuu🥰 kovilil poyathinte aiswaryam a mugath kananum ond😊njn kooduthalum flipcart l ninnum aanu vangaru, enik meesho yekkal kurachude quality thonnunnath flipcart l aanu😊ennirunnalum njn meesho nnu vangiya products enik nallatha kittiyath, athre mosamonnum arunnilla😊. Comparatively quality better flipcart.",https://www.youtube.com/watch?v=5drKjsPBSLw&lc=UgyH_GetcUuYsab_NhZ4AaABAg,YES,review_comparison,advising,INTENT_GENUINE,,,comparison,,,,low,1,5,enik meesho yekkal kurachude quality thonnunnath flipcart l aanu,True
yt2_0381,youtube,2026-01-15,none,Flipkart il ninnum janasaya and gulmohar jaipur..500 nu 5 years aayi use cheyyunnu❤,https://www.youtube.com/watch?v=5drKjsPBSLw&lc=UgxZ1t0cPGI4x7BUcqV4AaABAg,YES,review_comparison,advising,INTENT_GENUINE,,,saved,,,,low,1,5,Flipkart il ninnum janasaya and gulmohar jaipur..500 nu 5 years aayi use cheyyunnu,True
yt2_0390,youtube,2026-01-15,none,@7:35 correct njnum agne aan prefer more less price than quality,https://www.youtube.com/watch?v=5drKjsPBSLw&lc=UgzGxINsOzDcr-dKLy94AaABAg,YES,review_comparison,advising,INTENT_GENUINE,,,consideration,,,,low,1,5,prefer more less price than quality,True
yt2_0393,youtube,2026-01-15,myntra,"I always go by the brand and seller, compare flipkart, myntra and Amazon for price and customer reviews and buy 😂 Mostly flipkart wins 🎉",https://www.youtube.com/watch?v=5drKjsPBSLw&lc=Ugz8NtQLYtwRjEhapaN4AaABAg,YES,review_comparison,advising,INTENT_GENUINE,,,comparison,,,none,high,1,5,"compare flipkart, myntra and Amazon for price and customer reviews and buy",True
yt2_0394,youtube,2026-01-15,myntra,As you said flipkart is betrer than myntra ❤❤,https://www.youtube.com/watch?v=5drKjsPBSLw&lc=Ugx1Rw86ZJrovVlNCjF4AaABAg,YES,review_comparison,advising,,,,comparison,,,,low,1,5,flipkart is betrer than myntra,True
yt2_0442,youtube,2025-11-11,myntra,"according to me myntra has provided more details about product , Myntra WIN",https://www.youtube.com/watch?v=H3-IvqIjOQs&lc=UgzsuSJ1oixBDiNywDd4AaABAg,YES,review_comparison,advising,,,,comparison,,,,low,1,5,myntra has provided more details about product,True
yt2_0454,youtube,2025-01-09,myntra,Myntra always score/ but same dress chilapo same brand same item kittittund.1800 nu vangiyathu meesho yil 999 kkokke same item,https://www.youtube.com/watch?v=RR3QkyD6vS0&lc=Ugz1Cx5JtGUbnXJGUEl4AaABAg,YES,review_comparison,advising,,,,comparison,,,,low,2,5,1800 nu vangiyathu meesho yil 999 kkokke,True
yt2_0462,youtube,2024-11-27,none,Saranya യുടെ hight എത്രയാ . dress ൻ്റെ lenght മനസ്സിലാക്കാനാ,https://www.youtube.com/watch?v=RR3QkyD6vS0&lc=UgwOVe6W9sYBlhWhz5x4AaABAg,YES,review_comparison,seeking,INTENT_GENUINE,BLOCK_LISTING_INCOMPLETE,,consideration,What is the dress length?,fit,creator,medium,3,5,dress ൻ്റെ lenght മനസ്സിലാക്കാനാ,True
yt2_0464,youtube,2024-11-26,none,Dress wear cheyth kanikkumbol continuous aayt move cheyyathirikkumo,https://www.youtube.com/watch?v=RR3QkyD6vS0&lc=Ugwo3wvkBlRv7WgbZ2d4AaABAg,YES,review_comparison,seeking,INTENT_GENUINE,BLOCK_BODY_PROJECTION,,consideration,How does the dress move on the body?,fit,creator,medium,3,4,Dress wear cheyth kanikkumbol,True
yt2_0470,youtube,2024-11-25,none,Options kanande .. eth thanne kore search cheythittanu,https://www.youtube.com/watch?v=RR3QkyD6vS0&lc=UgyJSOWXIBI0rVFa6dB4AaABAg.ABGqV9XiU_XABGzsAPrIg4,YES,review_comparison,seeking,INTENT_ACQUISITION_WATCH,BLOCK_LISTING_INCOMPLETE,,discovery,Where are more options?,alternatives,,low,2,4,Options kanande,True
yt2_0481,youtube,2024-11-25,meesho,Meesho order cheyyumbo review prethyegal sredhikkanam,https://www.youtube.com/watch?v=RR3QkyD6vS0&lc=Ugz4pUpfdxoKB64y_HJ4AaABAg.ABGTfCYXgscABH-7B8SfgT,YES,review_comparison,advising,,,,consideration,,,,low,2,5,Meesho order cheyyumbo review prethyegal sredhikkanam,True
yt2_0482,youtube,2024-11-26,none,"@SaranyaNandakumar കുട്ടികളുടെ  ടോയ്  dress ഒക്കെ നല്ലതാ,  വലിയവരുടെ 500 + വാങ്ങുമ്പോൾ നല്ല ക്വാളിറ്റി ഉണ്ട്",https://www.youtube.com/watch?v=RR3QkyD6vS0&lc=Ugz4pUpfdxoKB64y_HJ4AaABAg.ABGTfCYXgscABHkalqKLZ4,YES,review_comparison,advising,,,,consideration,,,,low,2,5,വലിയവരുടെ 500 + വാങ്ങുമ്പോൾ നല്ല ക്വാളിറ്റി ഉണ്ട്,True
yt2_0484,youtube,2024-11-25,none,Filter ittal dress nte original colour kittilla lo. Any way it's ok❤,https://www.youtube.com/watch?v=RR3QkyD6vS0&lc=Ugx9ctMWeVExU6RfcGh4AaABAg,YES,review_comparison,seeking,INTENT_GENUINE,BLOCK_FABRIC_QUALITY,,consideration,What is the original color of the dress?,fabric,,medium,2,5,Filter ittal dress nte original colour kittilla lo,True
yt2_0488,youtube,2024-11-25,meesho,Meesho epolum oru size up edukkendi varum.. Athaa tight feel cheyne,https://www.youtube.com/watch?v=RR3QkyD6vS0&lc=Ugzkgt6MX7wArJSmRtV4AaABAg,YES,review_comparison,advising,,,,consideration,,,,low,3,5,Meesho epolum oru size up edukkendi varum,True
yt2_0489,youtube,2024-12-10,meesho,Eniku nere thiricha purath shop il ninnu Large edukuvanel meesho ninnu M eduthalum cheruthayi adikkanam,https://www.youtube.com/watch?v=RR3QkyD6vS0&lc=Ugzkgt6MX7wArJSmRtV4AaABAg.ABGNQAxZOEmABrJ29AIfGJ,YES,review_comparison,advising,,,,consideration,,,,low,3,5,meesho ninnu M eduthalum cheruthayi adikkanam,True
yt2_0490,youtube,2024-11-25,none,Chechii... Filter korach koodiyo nn. Dress nte exact colour manassilavanilla,https://www.youtube.com/watch?v=RR3QkyD6vS0&lc=Ugycb3LEcYjV7rbMDKR4AaABAg,YES,review_comparison,seeking,INTENT_GENUINE,BLOCK_FABRIC_QUALITY,,consideration,What is the exact color of the dress?,fabric,,medium,2,5,Dress nte exact colour manassilavanilla,True
yt2_0494,youtube,2024-11-25,none,Enikk oru trust illaaa .. zudio cosmetics … eppozhenkilum veruthe onnu try cheyth nokkam,https://www.youtube.com/watch?v=RR3QkyD6vS0&lc=UgzKwdoQivHCzRie6Oh4AaABAg.ABGGtR90aGNABH-R_yTr0W,YES,review_comparison,seeking,INTENT_GENUINE,BLOCK_DURABILITY_VALUE,,consideration,Are zudio cosmetics any good?,durability,,low,3,5,Enikk oru trust illaaa .. zudio cosmetics,True
yt2_0497,youtube,2024-11-25,myntra,"same njanum always myntra ninne edukoo, mathralla meesho kurtas oke kanumbol enik athinte shape length oke ottum allatha pole thonittund, thuniyude quality chalipo kandal orupole undenkilum feel cheyumbol difference undakum, but ettavum prashnam width length okeyanu ottum valare cherya thuniyil top stitch cheytha pole thonum,mathrolla lace detailing, stitiching oke
myntrayil varunathum meeshoyil varunnathoke nokiyal imperfections enik thonarind, so always prefer myntra for outfits ,footwears and bags, bedsheet polullath mathre meeshoyil ninnedukarullo",https://www.youtube.com/watch?v=RR3QkyD6vS0&lc=UgyO-JRFlxq6RlpB58N4AaABAg.ABGCDALHly1ABGQtgJtRRb,YES,review_comparison,advising,,,,comparison,,,,low,3,5,always myntra ninne edukoo,True
yt2_0500,youtube,2024-11-25,none,Paranjathu correct aanu .. customer review nokkiyillenkil .. nalla pani kittum,https://www.youtube.com/watch?v=RR3QkyD6vS0&lc=UgyO-JRFlxq6RlpB58N4AaABAg.ABGCDALHly1ABH-Y1-sYAv,YES,review_comparison,advising,,,,consideration,,,,low,2,5,customer review nokkiyillenkil .. nalla pani kittum,True
yt2_0504,youtube,2025-11-13,none,Mere M size shirt ati hai to konsi size order kru m,https://www.youtube.com/watch?v=Nq7qWS0HMyU&lc=UgxzkLVUiexZYpHEWmh4AaABAg,YES,review_comparison,seeking,INTENT_GENUINE,BLOCK_SIZE_SELECTION,,consideration,What size should I order?,size,,high,3,5,konsi size order kru m,True
yt2_0505,youtube,2025-09-14,none,Bhai tumne jo pehna hai vo consa cotton shirt hai,https://www.youtube.com/watch?v=Nq7qWS0HMyU&lc=UgyTRKRQy5xLkARmE0l4AaABAg,YES,review_comparison,seeking,INTENT_GENUINE,BLOCK_LISTING_INCOMPLETE,,consideration,What cotton shirt is this?,fabric,creator,medium,2,5,vo consa cotton shirt hai,True
yt2_0518,youtube,2025-08-23,none,"raju_ff_8967
Pata he Nehi milega sneaker..firbhi luck dekhta hu❤",https://www.youtube.com/watch?v=Nq7qWS0HMyU&lc=Ugy3FZ9c2W4LeFVk_cJ4AaABAg,YES,review_comparison,seeking,INTENT_ACQUISITION_WATCH,,,saved,,,,low,2,5,Pata he Nehi milega sneaker,True
yt2_0525,youtube,2025-08-20,none,Bhai tumne ye shirt pehra blue ye same chahiye plz pon karo details Shirt ki.,https://www.youtube.com/watch?v=Nq7qWS0HMyU&lc=UgxVKEyLv51vYsZSUvd4AaABAg,YES,review_comparison,seeking,INTENT_GENUINE,BLOCK_LISTING_INCOMPLETE,,consideration,Where can I get this shirt details?,alternatives,creator,high,3,5,plz pon karo details Shirt ki,True
yt2_0526,youtube,2025-08-20,none,भईया जो shart पहन रखी है आप ने बहुत अच्छी लग रही है ये बताओ 😁 यही लेनी है shart,https://www.youtube.com/watch?v=Nq7qWS0HMyU&lc=UgyApo4Zs-fkL1j2O2t4AaABAg,YES,review_comparison,seeking,INTENT_GENUINE,BLOCK_LISTING_INCOMPLETE,,consideration,Where to buy this shirt?,alternatives,creator,high,3,5,यही लेनी है shart,True
yt2_0530,youtube,2025-08-19,meesho,"Meesho to bas yahi kar sakte hai ki acha product nikle nahi to mostly utna acha nahi hota hai mere experience se
@rohit_gerua_",https://www.youtube.com/watch?v=Nq7qWS0HMyU&lc=UgwR7e3zRbHHvaHMTIx4AaABAg,YES,review_comparison,advising,,,,consideration,,durability,,low,2,5,acha product nikle nahi to mostly utna acha nahi hota,True
yt2_0531,youtube,2025-08-19,none,mesho ke sellers hi price compitetion ke chakkar mai low quality saman sell krte hai,https://www.youtube.com/watch?v=Nq7qWS0HMyU&lc=UgzZEyfLu1jTxYH677Z4AaABAg,YES,review_comparison,advising,,,,consideration,,durability,,low,2,5,mesho ke sellers hi price compitetion ke chakkar mai low quality saman sell krte hai,True
yt2_0546,youtube,2025-08-17,none,Bhai Cotton ke hi laaya karo mostly 😅🙏. Cotton ke alawa mai kabhi bhi koi dusra fabric nahi leta,https://www.youtube.com/watch?v=Nq7qWS0HMyU&lc=UgwK_wl3c3KD8EcP--B4AaABAg,YES,review_comparison,advising,,,,consideration,,fabric,,low,1,5,Cotton ke alawa mai kabhi bhi koi dusra fabric nahi leta,True
yt2_0555,youtube,2025-08-17,none,Glitch ka mai bhi mangaya tha M size badi nikal gayi ab S daal change Kiya hun abhi tak aaya nhi😂,https://www.youtube.com/watch?v=Nq7qWS0HMyU&lc=UgwhKXcnSyUVKAPCDcx4AaABAg,YES,review_comparison,seeking,INTENT_GENUINE,BLOCK_CHART_UNRELIABLE,,post_purchase,Will the exchanged small size fit correctly?,size,,high,3,5,M size badi nikal gayi ab S daal change Kiya hun,True
yt2_0556,youtube,2025-08-17,none,"Still waiting for my turn 🤞
Want to have Casio royal 😢",https://www.youtube.com/watch?v=Nq7qWS0HMyU&lc=Ugzv0MGHNkVJ2zX7b2B4AaABAg,YES,review_comparison,seeking,INTENT_ACQUISITION_WATCH,BLOCK_LISTING_INCOMPLETE,,saved,When will it be available to buy?,,,medium,2,5,Still waiting for my turn 🤞 Want to have Casio royal,True
yt2_0558,youtube,2025-08-17,myntra,Myntra pe original brand mila hi ya nhi ?,https://www.youtube.com/watch?v=Nq7qWS0HMyU&lc=Ugxzy_OYuFnLbbcwzKl4AaABAg.ALvLTuhzCFNALvMLT3MCNY,YES,review_comparison,seeking,INTENT_GENUINE,BLOCK_AUTHENTICITY,,consideration,Is the brand genuine on Myntra?,authenticity,,medium,3,5,Myntra pe original brand mila hi ya nhi ?,True
yt2_0561,youtube,2025-08-17,none,"Thanks for honest review 
no_name_9_6_8_
Again trying my luck 🤞🤞😅",https://www.youtube.com/watch?v=Nq7qWS0HMyU&lc=UgzxmE3RSpgTSmJsk4t4AaABAg,YES,review_comparison,seeking,INTENT_GENUINE,,,decision,,,creator,high,1,5,Again trying my luck 🤞🤞😅,True
yt2_0566,youtube,2025-08-17,none,"Lena toh kuch ni bss dekh rha hu mja aattta hai apki video dekh kei
@sambher_aryan29",https://www.youtube.com/watch?v=Nq7qWS0HMyU&lc=UgxsCIKOso3Z_e8mskd4AaABAg,YES,review_comparison,seeking,INTENT_SIMULATED_OWNERSHIP,,,discovery,,,creator,low,1,5,Lena toh kuch ni bss dekh rha hu mja aattta,True
yt2_0567,youtube,2025-08-17,none,Bhai ji glitchez green wala mat hai 6:02,https://www.youtube.com/watch?v=Nq7qWS0HMyU&lc=UgwnNA2t6P3BjTobsV54AaABAg,YES,review_comparison,advising,,,,consideration,,,,low,2,5,Bhai ji glitchez green wala mat hai,True
yt2_0572,youtube,2025-08-17,none,Bhai redtape ki nxt video ki wait hai…🥹🥹part-2 ki…,https://www.youtube.com/watch?v=Nq7qWS0HMyU&lc=Ugz55h1ma5xRmcDyExR4AaABAg,YES,review_comparison,seeking,INTENT_INSPIRATION,,,discovery,,,creator,low,1,5,Bhai redtape ki nxt video ki wait hai,True
yt2_0593,youtube,2025-08-17,none,Does polo looks good in short heighted people 🤔,https://www.youtube.com/watch?v=Nq7qWS0HMyU&lc=UgxL2m4jd4il9-VIqht4AaABAg,YES,review_comparison,seeking,INTENT_GENUINE,BLOCK_STYLING,,consideration,Do polos look good on short heighted people?,styling,,medium,2,5,Does polo looks good in short heighted people,True
yt2_0604,youtube,2025-08-01,none,Highlander nd snitch quality kuda Cheppu bro.😅,https://www.youtube.com/watch?v=mfDyzuuB7hU&lc=UgywuhNEqeznr8cYj7Z4AaABAg,YES,review_comparison,seeking,INTENT_GENUINE,BLOCK_FABRIC_QUALITY,,consideration,What is the quality of Highlander and Snitch?,fabric,creator,medium,2,5,Highlander nd snitch quality kuda Cheppu bro,True
yt2_0609,youtube,2024-03-05,none,Anna powerlook trusted website yena return and exchange untadhaa?,https://www.youtube.com/watch?v=mfDyzuuB7hU&lc=UgxvNqzdNunecLiCCkp4AaABAg,YES,review_comparison,seeking,INTENT_GENUINE,BLOCK_RETURN_FRICTION,BLOCK_AUTHENTICITY,consideration,Is Powerlook trusted and do they have return and exchange?,authenticity,creator,medium,3,5,powerlook trusted website yena return and exchange untadhaa?,True
yt2_0613,youtube,2026-01-13,none,Dont go with this if quality is your priority.,https://www.youtube.com/watch?v=OLWR3Phod0I&lc=Ugx5YYzJ5WLncp4CHwJ4AaABAg,YES,haul,advising,,,,consideration,,fabric,,low,3,5,Dont go with this if quality is your priority.,True
yt2_0614,youtube,2025-10-15,ajio,Shien is not back. this is just a marketing trick. Reliance Retail owns this site - they evenused  the same ajio site theme itself - Shein was a good online shopping platform world wide. they provide quality items at low cost. i think india gov blocked this original Shien. Reliance who operate it under its cover. now everything different.. not the real product i hope. These are all business strategies.,https://www.youtube.com/watch?v=OLWR3Phod0I&lc=UgwcMGUfSbfwDxVXTjt4AaABAg,YES,haul,advising,,,,consideration,,authenticity,,low,4,5,Shien is not back. this is just a marketing trick.,True
yt2_0615,youtube,2025-09-07,none,Brother meri height 6 feet he muje konsi size ki cargo jeans ayegi ?,https://www.youtube.com/watch?v=OLWR3Phod0I&lc=UgxopWwySTl3hNQm2bR4AaABAg,YES,haul,seeking,INTENT_GENUINE,BLOCK_SIZE_SELECTION,,consideration,What size cargo jeans should I buy for a 6 feet height?,size,creator,high,3,5,meri height 6 feet he muje konsi size ki cargo jeans ayegi,True
yt2_0623,youtube,2025-06-13,none,Wash ke baad color kaisa rahata hai use bhi share karo,https://www.youtube.com/watch?v=OLWR3Phod0I&lc=UgwcGJ-AUZIvxe7v_nx4AaABAg,YES,haul,seeking,INTENT_GENUINE,BLOCK_FABRIC_QUALITY,,consideration,How does the color hold up after washing?,fabric,creator,medium,2,5,Wash ke baad color kaisa rahata hai use bhi share karo,True
yt2_0629,youtube,2025-06-11,none,"Don't go blindly with the brand tags, these cloths are generic in nature, meaning it is manufactured by OEMs here in India itself, brands purchase from them in bulk and put their own tag and sell it to the customers. Nothing special, but if i were you i would rather bet on cloth quality not the brand name.",https://www.youtube.com/watch?v=OLWR3Phod0I&lc=Ugw1bcTXW9kcn1FeqAt4AaABAg,YES,haul,advising,,,,consideration,,fabric,,low,3,5,Don't go blindly with the brand tags,True
yt2_0637,youtube,2025-06-11,none,"Don't buy bruv , 3k ki mne shopping yaha se sab return kr diya",https://www.youtube.com/watch?v=OLWR3Phod0I&lc=Ugy2nz2JTIiRPZl1WBB4AaABAg.AJDTiOMVxTlAJE1BsrMcve,YES,haul,advising,,,,post_purchase,,fabric,,low,4,5,"Don't buy bruv , 3k ki mne shopping yaha se sab return kr diya",True
yt2_0642,youtube,2025-06-11,none,I think this is DNMX and teamspirit product with a Shein tag !,https://www.youtube.com/watch?v=OLWR3Phod0I&lc=UgzPCtoGBjNo-gtpU9l4AaABAg,YES,haul,advising,,,,consideration,,authenticity,,low,2,4,I think this is DNMX and teamspirit product with a Shein tag !,True
yt2_0643,youtube,2025-06-28,none,So it's better just to visit Vishal right?,https://www.youtube.com/watch?v=OLWR3Phod0I&lc=UgzPCtoGBjNo-gtpU9l4AaABAg.AJDOh5g4oqVAJusYCrhNNx,YES,haul,seeking,INTENT_GENUINE,BLOCK_CHOICE_COMPARISON,,consideration,Is it better to visit Vishal?,alternatives,offline_store,medium,2,5,So it's better just to visit Vishal right?,True
yt2_0645,youtube,2024-09-26,none,Thank you for suggesting these brands … I was searching for websites to order from other than the usual. I actually ordered from one of the suggested brands after seeing the video,https://www.youtube.com/watch?v=k65aOaQItm0&lc=UgzFbl2XF22F1ITdw714AaABAg,YES,other,seeking,INTENT_GENUINE,,,post_purchase,,,creator,high,1,5,I actually ordered from one of the suggested brands,True
yt2_0646,youtube,2024-09-12,none,"Hi Sana, What size of dress do you usually wear? between 34 and 36. I was trying to buy at DDS and im somehow unsure of the size. It helps if you mention the size you took as well in your reviews.",https://www.youtube.com/watch?v=k65aOaQItm0&lc=Ugy5Ugy20Zsa-Z3GRf54AaABAg,YES,other,seeking,INTENT_GENUINE,BLOCK_SIZE_SELECTION,,consideration,What size to buy at DDS?,size,creator,high,3,5,im somehow unsure of the size,True
yt2_0651,youtube,2024-03-08,none,"u didn't mentioned kreeva, Why?? their outfits are not good or what?",https://www.youtube.com/watch?v=k65aOaQItm0&lc=UgwIHtyYNiT6btE11rh4AaABAg,YES,other,seeking,INTENT_GENUINE,BLOCK_LISTING_INCOMPLETE,,discovery,Why wasn't Kreeva mentioned?,,creator,low,2,4,"u didn't mentioned kreeva, Why??",True
yt2_0653,youtube,2024-02-17,none,Diii plzzz plzzz Eid ke liye white dress ka koi option btao na dii plzzz,https://www.youtube.com/watch?v=k65aOaQItm0&lc=UgwsvyvFmlCebPk4_A94AaABAg,YES,other,seeking,INTENT_OCCASION,BLOCK_STYLING,,discovery,Which white dress option for Eid?,styling,creator,medium,3,5,Eid ke liye white dress ka koi option btao,True
yt2_0674,youtube,2024-01-03,none,"Great video !! Like only an hour ago, I was so much overthinking about what to wear/ where to shop for my best friend's wedding that gonna happen in exactly three months !! Love to you :)",https://www.youtube.com/watch?v=k65aOaQItm0&lc=UgzFphMNFQUZvD6YwPl4AaABAg,YES,other,seeking,INTENT_OCCASION,BLOCK_STYLING,,discovery,What to wear for best friend's wedding?,styling,creator,medium,3,5,overthinking about what to wear/ where to shop,True
yt2_0677,youtube,2025-09-30,none,"Aapne jo strechable golden blouse liya h please uske sath alg alg shades and colours ki saree styling pr video bna dijiye 
...... Kunki maine ye blouse tomoe lita h ab smjh nhi aa rha kaise style kru..... 😮",https://www.youtube.com/watch?v=HBl_aD-JybI&lc=Ugy0nbzg1MweB7bVWT94AaABAg,YES,haul,seeking,INTENT_GENUINE,BLOCK_STYLING,,saved,How to style the golden blouse with different shades?,styling,creator,medium,3,5,smjh nhi aa rha kaise style kru,True
yt2_0679,youtube,2025-09-15,none,Hy simran di..mney ek saree li h double shining wali usme copper colour h or firoji ki shine h smj ni aara h kese colour ka blouse lu uspe sb khre h black le,https://www.youtube.com/watch?v=HBl_aD-JybI&lc=UgyM4dYLZywI2q_Md1d4AaABAg,YES,haul,seeking,INTENT_GENUINE,BLOCK_STYLING,,consideration,What blouse color to wear with copper and turquoise saree?,styling,friends,medium,3,5,smj ni aara h kese colour ka blouse lu,True
yt2_0683,youtube,2025-09-04,none,"Do kisi bhi sight pe chocolate colour ka blouse nhi mil raha, aap dekh ke btana please",https://www.youtube.com/watch?v=HBl_aD-JybI&lc=UgzQASIlGpBKI0LJDf94AaABAg,YES,haul,seeking,INTENT_GENUINE,BLOCK_LISTING_INCOMPLETE,,discovery,Where to find a chocolate color blouse?,alternatives,creator,low,2,4,chocolate colour ka blouse nhi mil raha,True
yt2_0684,youtube,2025-08-30,none,"Happy owl blouse is available in s,m,l size only. ??",https://www.youtube.com/watch?v=HBl_aD-JybI&lc=Ugw7qr8grPRLI7szohx4AaABAg,YES,haul,seeking,INTENT_GENUINE,BLOCK_LISTING_INCOMPLETE,,consideration,Is the Happy owl blouse available in other sizes?,size,,medium,2,4,"available in s,m,l size only.",True
yt2_0692,youtube,2025-08-04,none,Also searching for 1st two blouse but they are currently unavailable till now,https://www.youtube.com/watch?v=HBl_aD-JybI&lc=UgzWlL7AfcyhEf_iYh54AaABAg.AL3qQ_wMgBMALPtiqLBycp,YES,haul,seeking,INTENT_ACQUISITION_WATCH,BLOCK_LISTING_INCOMPLETE,,saved,When will the first two blouses be back in stock?,,,low,2,5,currently unavailable till now,True
yt2_0696,youtube,2025-07-24,none,Smoking blouse after few wash the  elasticity will loosen 😢,https://www.youtube.com/watch?v=HBl_aD-JybI&lc=Ugy-GE8e1RN1EybV1r94AaABAg,YES,haul,seeking,,BLOCK_DURABILITY_VALUE,,consideration,Will the elasticity loosen after a few washes?,durability,,low,3,5,after few wash the elasticity will loosen,True
yt2_0700,youtube,2025-07-19,none,1 bhi plus size m nhi h last option xl..i want to 52,https://www.youtube.com/watch?v=HBl_aD-JybI&lc=UgyaFHA_66nIzEWvpsN4AaABAg,YES,haul,seeking,INTENT_GENUINE,BLOCK_SIZE_SELECTION,,consideration,Where to find size 52 when max is XL?,size,,low,4,5,,False
yt2_0701,youtube,2025-07-19,none,Golden blouse me apne medium liya ya fir small,https://www.youtube.com/watch?v=HBl_aD-JybI&lc=UgyNWawMqn13i4UP3lB4AaABAg,YES,haul,seeking,INTENT_GENUINE,BLOCK_SIZE_SELECTION,,consideration,Did she take medium or small in the golden blouse?,size,creator,high,2,5,Golden blouse me apne medium liya ya fir small,True
yt2_0722,youtube,2025-07-17,none,First golden blouse to available he nahi hai😢,https://www.youtube.com/watch?v=HBl_aD-JybI&lc=UgxfsWtRswpPwKikuUh4AaABAg,YES,haul,seeking,INTENT_ACQUISITION_WATCH,BLOCK_LISTING_INCOMPLETE,,saved,When will the first golden blouse be available?,,,low,2,5,First golden blouse to available he nahi hai,True
yt2_0727,youtube,2025-07-17,none,Simran ye blouse strecheble h to kya ek size small le sakte h,https://www.youtube.com/watch?v=HBl_aD-JybI&lc=Ugzr5hShbEEr4rHM3y14AaABAg,YES,haul,seeking,INTENT_GENUINE,BLOCK_SIZE_SELECTION,,consideration,Can I take a size smaller since it is stretchable?,size,creator,high,2,5,kya ek size small le sakte h,True
yt2_0773,youtube,2025-08-05,none,Aapke pas tripod kon sa hai bhai batana mujhe bhi Lena hai,https://www.youtube.com/watch?v=GAAuBX-kOTs&lc=UgymuZ0g0LSGTCq3IYB4AaABAg,YES,review_comparison,seeking,,,,discovery,,,,low,1,5,Aapke pas tripod kon sa hai,True
yt2_0779,youtube,2025-11-01,none,"😂😂😂😂😂
Islye Mai kavi v कपड़ा online nhi खरीदता 😂😂😂",https://www.youtube.com/watch?v=GAAuBX-kOTs&lc=UgyjeMhvS1bQDRCEsj94AaABAg.AKDcKaNhPS8AOyd3lqgx0T,YES,review_comparison,advising,,,,discovery,,,,low,1,5,Islye Mai kavi v कपड़ा online nhi खरीदता,True
yt2_0785,youtube,2025-06-26,none,Usme quality accha nehi hoga sayad ...q ki colour same hai likin quality change ho sakta hai,https://www.youtube.com/watch?v=GAAuBX-kOTs&lc=Ugwim4HNdPL8DAB0rw14AaABAg,YES,review_comparison,seeking,,BLOCK_FABRIC_QUALITY,,consideration,Will the quality be poor even if the color is the same?,fabric,,low,2,4,Usme quality accha nehi hoga sayad,True
yt2_0822,youtube,2024-05-10,none,"Roadster Vs Indian Garage co , 
Ham Jaysa garibo ki Sahara 😅🥲",https://www.youtube.com/watch?v=okHjO6cXtQI&lc=UgzjFP66ajELDfcJN6B4AaABAg,YES,review_comparison,seeking,INTENT_SIMULATED_OWNERSHIP,BLOCK_CHOICE_COMPARISON,,comparison,Roadster vs Indian Garage Co?,alternatives,,low,1,4,Roadster Vs Indian Garage co,True
yt2_0833,youtube,2024-05-09,none,"red tape vs asian, there are many shoes which looks similar compare them",https://www.youtube.com/watch?v=okHjO6cXtQI&lc=Ugx0pL37ohAq1aVNtxd4AaABAg,YES,review_comparison,seeking,INTENT_INSPIRATION,BLOCK_CHOICE_COMPARISON,,comparison,Which of these similar shoes are better?,alternatives,,low,2,5,"red tape vs asian, there are many shoes which looks similar compare them",True
yt2_0834,youtube,2024-05-09,none,Highlander vs roadster vs the Indian garage,https://www.youtube.com/watch?v=okHjO6cXtQI&lc=UgwfqlVUcClAxnbeC5J4AaABAg,YES,review_comparison,seeking,INTENT_INSPIRATION,BLOCK_CHOICE_COMPARISON,,comparison,How do these brands compare?,alternatives,,low,2,5,Highlander vs roadster vs the Indian garage,True
yt2_0835,youtube,2024-05-09,none,"Westside vs Snitch
Roadster vs highlander",https://www.youtube.com/watch?v=okHjO6cXtQI&lc=Ugxkf6La-EbIj7ynb_J4AaABAg,YES,review_comparison,seeking,INTENT_INSPIRATION,BLOCK_CHOICE_COMPARISON,,comparison,Which brand option is best among these?,alternatives,,low,2,5,Westside vs Snitch Roadster vs highlander,True
yt2_0838,youtube,2024-05-09,none,"Bro hear me out
Sasti jeans ka ye seen Hota hai ki vo pehle wash ke saath hi colour chhorne lagti hain
To bro
You should wash them both
And kabhi kisi story yaa next video mein update de dena konsi jeans jyada achi hai
It'll impact audience's fate alot.",https://www.youtube.com/watch?v=okHjO6cXtQI&lc=UgxJwJxXdxCg9vHEYtB4AaABAg,YES,review_comparison,advising,INTENT_INSPIRATION,,,discovery,,,,low,1,5,You should wash them both And kabhi kisi story yaa next video mein update de dena,True
yt2_0868,youtube,2024-05-25,none,Hi I want to buy from Sydney how that possible.?,https://www.youtube.com/watch?v=w8YdtCREa5M&lc=UgwdooOo2H17hZt23gl4AaABAg,YES,other,seeking,INTENT_GENUINE,BLOCK_LISTING_INCOMPLETE,,discovery,How to buy from Sydney?,,,high,3,5,Hi I want to buy from Sydney how that possible.?,True
yt2_0899,youtube,2025-07-03,none,"Would love to see Henleys, and more pocket T-shirts! I bought a bunch myself to find the best for a consistent ""uniform"" and went with the Wrangler Riggs short sleeve Henley, but I'm not a fan of blatant branding, would really enjoy hearing your opinion.",https://www.youtube.com/watch?v=A6SkEwdjj-8&lc=Ugz9y0E8VbD1ywilJst4AaABAg.AK-mJfgfAY2AK6oJH7yxAD,YES,review_comparison,seeking,INTENT_GENUINE,BLOCK_FABRIC_QUALITY,,consideration,What is your opinion on branding and quality for these?,fabric,creator,medium,2,5,would really enjoy hearing your opinion.,True
yt2_0901,youtube,2025-07-14,none,"Okay we need a new criteria 
How much space does each pair of pants have for your ekhm ""snail""
Because it has been an issue for me for example
A lot of brands going into unisex sizing forgetting completely about anatomy 
Forcing me to wear them uncomfortably low so I have space for my family jewels
Like I want to wear my pants high and belt em securely 
I can live with my ass being a bit tight but I can't live with crushing in the front or being forced to put it in the left or right trouser leg and it still looks like a bulge which is well not a good look in the public
And I am not a gifted man and I am having these problems so I wonder how those who were more gifted live with it",https://www.youtube.com/watch?v=A6SkEwdjj-8&lc=Ugz9y0E8VbD1ywilJst4AaABAg.AK-mJfgfAY2AKZSPuVlUvA,YES,review_comparison,seeking,INTENT_GENUINE,BLOCK_BODY_PROJECTION,,consideration,How much space does each pair of pants have for anatomy?,fit,,medium,4,5,"How much space does each pair of pants have for your ekhm ""snail""",True
yt2_0913,youtube,2026-07-21,none,"So I recently made 2 purchases. I bought the Danny Ace selvedge denim jack from Nudie jeans on a rare sale for about $350 CAD (MSRP $650 CAD). But before that I also bought a raw denim jacket from Lakeside Label for $170 CAD. I checked out reviews of that company after the fact and it basically appeard to be a dropshipping scam with garbage quality clothing, so I planned to return it when it showed up. It came yesterday and it was somehow almost identical quality to the Nudie! It was actual selvedge too (not even advertised as such). Had a nice red stripe selvedge ID, chain stitching, 100% Cotton, was a bit hairy, a bit neppy, and just slightly slubby. The construction and tickness almost identical to the Nudie and was made in China. Not only that, it actually fit me better than the Nudie so now I'm keeping the random China brand and selling the Nudie. It's actually shocking the quality range coming out of China. 

Sidenote: Lakeside label clothing in general appears to be shitty but might have got lucky having old shuttle looms in whatever factory was producing the jacket.",https://www.youtube.com/watch?v=A6SkEwdjj-8&lc=UgxVaZZbrPjzlR4DV_N4AaABAg,YES,review_comparison,seeking,INTENT_GENUINE,BLOCK_IMAGE_DISTRUST,BLOCK_DURABILITY_VALUE,post_purchase,,durability,reddit,low,3,5,I checked out reviews of that company after the fact and it basically appeard to be a dropshipping scam,True
yt2_0920,youtube,2026-07-01,none,could you also just quickly add if any products are available in LT sizes?,https://www.youtube.com/watch?v=A6SkEwdjj-8&lc=Ugy_thtiZP1S6pzy7_14AaABAg,YES,review_comparison,seeking,INTENT_GENUINE,BLOCK_LISTING_INCOMPLETE,,discovery,Are any products available in LT sizes?,size,,medium,2,5,could you also just quickly add if any products are available in LT sizes?,True
yt2_0923,youtube,2026-06-16,none,I'm looking for the best quality for fewest dollars on outdoor wear do y'all have any recommendations?,https://www.youtube.com/watch?v=A6SkEwdjj-8&lc=Ugz-NemZHUI6VHvpP814AaABAg,YES,review_comparison,seeking,INTENT_GENUINE,BLOCK_DURABILITY_VALUE,,discovery,What outdoor wear has the best quality for fewest dollars?,durability,creator,high,3,5,I'm looking for the best quality for fewest dollars on outdoor wear,True
yt2_0926,youtube,2026-05-29,none,Snail! You got recommendations for brands that are good for tall people?,https://www.youtube.com/watch?v=A6SkEwdjj-8&lc=UgwnwoKxJFBzLNcZ7mZ4AaABAg,YES,review_comparison,seeking,INTENT_GENUINE,BLOCK_BODY_PROJECTION,,discovery,What brands are good for tall people?,fit,creator,high,3,5,You got recommendations for brands that are good for tall people?,True
yt2_0929,youtube,2026-05-20,none,"So far, I’ve been really happy with proofs wool, shirts, and lint and tenders, soft cotton and slub cotton shirts. I think next I’m gonna check out unbound Marinos T-shirts since I liked their button ups. I like Bonobo chinos.",https://www.youtube.com/watch?v=A6SkEwdjj-8&lc=Ugx_aZwLOl8OX5BvSvh4AaABAg,YES,review_comparison,seeking,INTENT_GENUINE,,,consideration,,,,high,1,5,I think next I’m gonna check out unbound Marinos T-shirts,True
yt2_0933,youtube,2026-05-12,none,Just here watching this for the second time. Love my 13MWZ and looking to get another pair.,https://www.youtube.com/watch?v=A6SkEwdjj-8&lc=Ugwg_czUle25t-zRWcN4AaABAg,YES,review_comparison,seeking,INTENT_GENUINE,,,saved,,,,high,1,5,Love my 13MWZ and looking to get another pair.,True
yt2_0936,youtube,2026-05-04,none,"How do people rate quality and fit for Gustin t-shirts?  Also, I checked measurements for MFG Bronson and seem short in length. Are they?",https://www.youtube.com/watch?v=A6SkEwdjj-8&lc=Ugx1JdizugGamlsOpoV4AaABAg,YES,review_comparison,seeking,INTENT_GENUINE,BLOCK_SIZE_SELECTION,BLOCK_REVIEW_DISTRUST,consideration,Are MFG Bronson short in length?,size,,medium,3,5,"Also, I checked measurements for MFG Bronson and seem short in length. Are they?",True
yt2_0944,youtube,2026-04-13,none,Per the chino recommendation. I have preferred shopping second hand via ebay and poshmark for example. I spend less money and can find what I truly want with a little patience. This is especially true as I have been shopping for non pop clothes like high rise slacks and such.,https://www.youtube.com/watch?v=A6SkEwdjj-8&lc=UgxdXLBDJqa0nUNrKQN4AaABAg,YES,review_comparison,advising,INTENT_ACQUISITION_WATCH,,,discovery,,,thrift,low,1,5,I have preferred shopping second hand via ebay and poshmark for example.,True
yt2_0948,youtube,2026-03-23,none,"Over the years the Gap Men's Everyday Soft Crewneck T-Shirts have become a staple in my closet. Yes they fade, yes they stretch but for $20 or less they are pretty solid. I keep coming back for their affordability but mostly for their fit. Most of the tees I try either have too loose of a collar/sleeve or too short of a sleeve. Gap has seemed to have found its sweet spot here.",https://www.youtube.com/watch?v=A6SkEwdjj-8&lc=Ugx8aReh6sTPHdXLpwV4AaABAg,YES,review_comparison,advising,INTENT_GENUINE,,,saved,,,,high,1,5,I keep coming back for their affordability but mostly for their fit.,True
yt2_0953,youtube,2026-03-08,none,"I’d like to shout out Dickies for work wear and even casual pants. I am a climbing arborist and I only buy Duckies flagship work pants. A pair of Carhart I had lasted me about ten months for $80. The dickies last me eighteen months for $30, and they come in more colors.",https://www.youtube.com/watch?v=A6SkEwdjj-8&lc=UgzTIqv1FFwgY4Yn0dp4AaABAg,YES,review_comparison,advising,INTENT_GENUINE,,,saved,,,,high,1,5,I only buy Duckies flagship work pants.,True
yt2_0954,youtube,2026-03-04,none,Low cost t shirt I like kirkland. They fit my odd body type better.,https://www.youtube.com/watch?v=A6SkEwdjj-8&lc=Ugy_-al9qFlHY-x-NlF4AaABAg,YES,review_comparison,advising,INTENT_GENUINE,,,saved,,,,high,1,5,Low cost t shirt I like kirkland.,True
yt2_0956,youtube,2026-03-01,none,"My problem with Uniqlo t shirts is that they are so short, half my belly shows when i stretch",https://www.youtube.com/watch?v=A6SkEwdjj-8&lc=UgwEiQLPLm_m1JARLT94AaABAg,YES,review_comparison,seeking,INTENT_GENUINE,BLOCK_BODY_PROJECTION,,saved,Why are Uniqlo t shirts so short?,fit,,low,3,5,My problem with Uniqlo t shirts is that they are so short,True
yt2_0957,youtube,2026-03-01,none,"Most of them look terrible on you, especially the tshirts. It's painful to watch. Fit beats fabric and brand every time",https://www.youtube.com/watch?v=A6SkEwdjj-8&lc=Ugw3sFqPgHwuAAS6P_Z4AaABAg,YES,review_comparison,advising,,,,discovery,,,,low,3,5,"Most of them look terrible on you, especially the tshirts.",True
yt2_0972,youtube,2026-01-17,none,"Hey, about the shrink to fit Levi's: 2 sizes up for waist but the length should be what you normally get?",https://www.youtube.com/watch?v=A6SkEwdjj-8&lc=UgzPTRNcmapc_qs4WzJ4AaABAg,YES,review_comparison,seeking,INTENT_GENUINE,BLOCK_SIZE_SELECTION,,consideration,What size should I order for waist and length?,size,,high,3,5,2 sizes up for waist but the length should be,True
yt2_0974,youtube,2026-01-15,none,"Brave Star, hate spending $$ on t shirts that I just don't wear due to bad fit. By the way, nice boots! Zamberland? Curtis",https://www.youtube.com/watch?v=A6SkEwdjj-8&lc=UgxvSz60yQdNMFjTv154AaABAg,YES,review_comparison,seeking,INTENT_GENUINE,BLOCK_ANTICIPATED_NONUSE,,consideration,,fit,,low,2,5,hate spending $$ on t shirts that I just don't wear,True
yt2_1004,youtube,2025-11-23,none,Anyone have recommendations for a women's wear equivalent of this?,https://www.youtube.com/watch?v=A6SkEwdjj-8&lc=UgxM1_4OEQpWRhEzD_d4AaABAg,YES,review_comparison,seeking,INTENT_INSPIRATION,BLOCK_LISTING_INCOMPLETE,,discovery,Is there a women's wear equivalent?,alternatives,,low,2,5,Anyone have recommendations for a women's wear equivalent,True
yt2_1005,youtube,2025-11-20,none,"If ya think the wrangler mwz is good check out their WRANGLER FIVE STAR PREMIUM DENIM REGULAR FIT JEAN. Highest seat I’ve been able to find. Means the butt looks good. I’ve found that Levi’s seat has been getting lower and lower leading to diaper butt look more often than not for me. But hey, hope it’s not just me. Anyways, tried the mwz and then found these and it was like I found the holy grail of cost for quality",https://www.youtube.com/watch?v=A6SkEwdjj-8&lc=UgxbCYju61ighGyL_d94AaABAg,YES,review_comparison,advising,,,,comparison,,,,low,1,5,check out their WRANGLER FIVE STAR,True
yt2_1010,youtube,2025-11-15,none,I like my wrangler but have liked cinch better. Similar price too,https://www.youtube.com/watch?v=A6SkEwdjj-8&lc=UgzD-STVrd59dNZSqTJ4AaABAg,YES,review_comparison,advising,,,,comparison,,,,low,1,5,have liked cinch better.,True
yt2_1015,youtube,2025-11-01,none,"I own several Brave Star items including sherpa lined denim jacket, sherpa lined canvas jacket wool CPO shirt jacks and jeans for much less than other selvedge makers. My only beef is they're sized for skinny models and not tradesmen.",https://www.youtube.com/watch?v=A6SkEwdjj-8&lc=UgxySs1KSjPrd-0qprF4AaABAg,YES,review_comparison,advising,,,,saved,,,,low,2,5,My only beef is they're sized for skinny models,True
yt2_1018,youtube,2025-10-26,none,I'm so glad you mentioned the hoodie and neck hole size of the Camber hoodies. I DESPERATELY wanted to manufacture with them but I'm still stuck on that aspect unfortunately. House of blanks is closest equivalent?,https://www.youtube.com/watch?v=A6SkEwdjj-8&lc=UgzmAJUZQmz2wRUFd8l4AaABAg,YES,review_comparison,seeking,INTENT_GENUINE,BLOCK_FABRIC_QUALITY,,consideration,What is the closest equivalent to Camber hoodies?,alternatives,,medium,3,5,still stuck on that aspect unfortunately,True
yt2_1020,youtube,2025-10-18,none,"Would love more on chinos and surplus/fatigue pants and the best budget options, need new pants and have been struggling for so long on finding anything and then anything black that's not actually just grey and then anything that fits someone 5'4",https://www.youtube.com/watch?v=A6SkEwdjj-8&lc=Ugzod0StcTjU5DohCaJ4AaABAg,YES,review_comparison,seeking,INTENT_GENUINE,BLOCK_CHOICE_COMPARISON,BLOCK_FABRIC_QUALITY,consideration,What are the best budget options for chinos and fatigue pants that fit someone 5'4?,alternatives,,high,4,5,struggling for so long on finding anything,True
yt2_1022,youtube,2025-10-14,none,I wish I liked Chino's. I want to like Chino's. I just hate the pocket style,https://www.youtube.com/watch?v=A6SkEwdjj-8&lc=UgxE_slv-_hXrcFw4L94AaABAg,YES,review_comparison,seeking,INTENT_GENUINE,BLOCK_STYLING,,consideration,,styling,,low,2,5,I just hate the pocket style,True
yt2_1031,youtube,2025-09-05,none,i am too tall for the uniqlo or muji chinos but i don't have the money for the j crew is there like a 3rd best cheaper chino,https://www.youtube.com/watch?v=A6SkEwdjj-8&lc=UgywjihXex5BfowNmhB4AaABAg,YES,review_comparison,seeking,INTENT_GENUINE,BLOCK_CHOICE_COMPARISON,BLOCK_SIZE_SELECTION,consideration,Is there a 3rd best cheaper chino?,alternatives,,high,3,5,is there like a 3rd best cheaper chino,True
yt2_1033,youtube,2025-09-02,none,For sweaters I really have never found anything for the price that beats a reverse weave champion.,https://www.youtube.com/watch?v=A6SkEwdjj-8&lc=Ugwh7qW6sTIAxbuElBd4AaABAg,YES,review_comparison,advising,,,,saved,,,,low,1,5,never found anything for the price that beats,True
yt2_1036,youtube,2025-08-29,none,"Best value tee - I spent like a week trying to find the perfect tee online, gave up, then was given a Papa Johns shirt at my work. Its a District Very Important Tee blank and its awesome! Soft, holds its shape, fits great, ring spun, good colors, everything I wanted and its so inexpensive. I've got 5 of them from Amazon now.",https://www.youtube.com/watch?v=A6SkEwdjj-8&lc=UgwJaH8PbgqIvKNx3pt4AaABAg,YES,review_comparison,advising,,,,saved,,,,low,1,5,Best value tee - I spent like a week,True
yt2_1038,youtube,2025-08-25,none,Does anyone have an opinion on Key Apparel jeans?,https://www.youtube.com/watch?v=A6SkEwdjj-8&lc=UgwgsYC6p1T7CuGcJcR4AaABAg,YES,review_comparison,seeking,INTENT_GENUINE,BLOCK_REVIEW_DISTRUST,,consideration,What is the opinion on Key Apparel jeans?,reviews,,medium,2,5,Does anyone have an opinion on Key Apparel,True
yt2_1040,youtube,2025-08-20,none,I don’t know if you’ve ever looked at Bayside t shirts—mostly made in the US and a bunch of different heavyweight styles for ridiculously low prices compared to retail competition. I’m still trying to land on what I think is the best fabric/construction combo they sell.,https://www.youtube.com/watch?v=A6SkEwdjj-8&lc=UgwI6XOYb_U5oOBJw3p4AaABAg,YES,review_comparison,advising,,,,consideration,,,,low,2,5,trying to land on what I think is the best,True
yt2_1041,youtube,2025-08-17,none,"putting them all on a list and keeping an out for them while i thrift. also, comfort colors is always a nice find at the thrift store, usually has a nice local design for an event or something and generally good quality",https://www.youtube.com/watch?v=A6SkEwdjj-8&lc=UgxXNnjkrvI1SUB4Fv14AaABAg,YES,review_comparison,seeking,INTENT_ACQUISITION_WATCH,,,saved,,,thrift,medium,1,5,putting them all on a list and keeping an out,True
yt2_1048,youtube,2025-08-02,none,"What do you think about French brand Asphalte? They do an advance ordering model, but the $25 tshirt is the best I've worn.",https://www.youtube.com/watch?v=A6SkEwdjj-8&lc=UgyTdrZr5EvdxiqAth54AaABAg,YES,review_comparison,advising,,,,consideration,,,,low,1,5,What do you think about French brand Asphalte?,True
yt2_1049,youtube,2025-08-02,none,I've been wearing Banana Republic rapid movement chinos for several years and have been happy. I'm wondering how they would compare.,https://www.youtube.com/watch?v=A6SkEwdjj-8&lc=Ugz7AtrT2btyUJV-_ix4AaABAg,YES,review_comparison,seeking,INTENT_GENUINE,BLOCK_CHOICE_COMPARISON,,comparison,How do they compare?,alternatives,,high,2,5,I'm wondering how they would compare.,True
yt2_1053,youtube,2025-07-28,none,I’ll have to use this video as a guide when I get to redo my closet after losing a bunch of weight. Hopefully that will happen in January when the after Christmas sales are in full swing 🤞,https://www.youtube.com/watch?v=A6SkEwdjj-8&lc=Ugz_4zgwfb1UZP9GVtt4AaABAg,YES,review_comparison,seeking,INTENT_PRICE_WATCH,,,saved,,,,medium,2,5,after Christmas sales are in full swing,True
yt2_1056,youtube,2025-07-24,none,"Bronson sizing is wacky. I made sure to break out my measuring tape before I ordered, but the collar was way too small compared to the rest of the shirt dimensions for the tubular loop wheel tees.

I also had to order an XXL which fits more like a L or XL in Comfort Colors or Gildan",https://www.youtube.com/watch?v=A6SkEwdjj-8&lc=Ugyk88kBkNZkGki028d4AaABAg,YES,review_comparison,advising,,,,post_purchase,,,,low,4,5,Bronson sizing is wacky. I made sure to break out,True
yt2_1061,youtube,2025-07-19,none,sort of on topic: uniglo don't do pocket t's and bronson are sized a lot smaller so if you're xxl dont even think about ordering unless you want to feel what its like to wear a medium :),https://www.youtube.com/watch?v=A6SkEwdjj-8&lc=UgzFPlZ3XsFViPtOAdh4AaABAg,YES,review_comparison,advising,,,,consideration,,,,low,3,5,bronson are sized a lot smaller so if you're xxl,True
yt2_1062,youtube,2025-07-18,none,I like the Asket pants but i see on their website its $200 instead of $160? Am I looking in the wrong place?,https://www.youtube.com/watch?v=A6SkEwdjj-8&lc=UgxgA68Ml3lUEGSfyRF4AaABAg,YES,review_comparison,seeking,INTENT_PRICE_WATCH,BLOCK_LISTING_INCOMPLETE,,consideration,Am I looking in the wrong place?,alternatives,none,medium,2,5,Am I looking in the wrong place?,True
yt2_1067,youtube,2025-07-15,none,"I tried the Bronson shirts and they shrank so much! I'm 6ft, 200lbs and usually wear a large. Per their advice, I ordered an xl, and after the first wash it fits me like a small in other shirts. It doesn't even fully cover my stomach in terms of length now",https://www.youtube.com/watch?v=A6SkEwdjj-8&lc=UgwvhCbTszJM9tQZ6kF4AaABAg,YES,review_comparison,seeking,,BLOCK_FABRIC_QUALITY,BLOCK_SIZE_SELECTION,post_purchase,Why did they shrink so much?,size,none,low,4,5,they shrank so much!,True
yt2_1077,youtube,2025-07-09,none,"I just want an opaque white fitted tea, the closest I've found that isn't boxy (I'm lean, but small bust wide hips pear shaped) is an old men's jockey undershirt but it fits well and doesn't pill but is so sheer. Apparently even at $40 a pop this is too much to ask for in women's clothes so I'm shopping in men's now I guess. Tips?",https://www.youtube.com/watch?v=A6SkEwdjj-8&lc=UgyBMG6trc-Q-n6mNd14AaABAg,YES,review_comparison,seeking,INTENT_GENUINE,BLOCK_FABRIC_QUALITY,BLOCK_BODY_PROJECTION,consideration,Tips?,fabric,none,medium,3,4,,False
yt2_1088,youtube,2025-07-07,none,The only hoodies I’ll buy are Carhartt. And only on sale.,https://www.youtube.com/watch?v=A6SkEwdjj-8&lc=Ugx36MN50rDqQNeic4R4AaABAg,YES,review_comparison,seeking,INTENT_PRICE_WATCH,,,saved,,,none,medium,2,5,And only on sale.,True
yt2_1096,youtube,2025-07-06,none,"don't go two sizes up on STFs. they shrink to the listed waist, not from",https://www.youtube.com/watch?v=A6SkEwdjj-8&lc=UgyS73GK9t2ZxBL69-B4AaABAg,YES,review_comparison,advising,,,,consideration,,,none,low,1,5,don't go two sizes up on STFs,True
yt2_1100,youtube,2025-07-06,none,Uniqlo chinos are great. I bought 4 pair for work pants and they are fantastic but you are absolutely right about them fading. They also shrink pretty dramatically if you dry them but it seems like they account for that in their sizing. To me they work best if you dry them the first 5 or so times you wash them and then hang dry them after that to prevent *some* fading. Something about high heat drying makes them look more faded. I don't know how to explain it.,https://www.youtube.com/watch?v=A6SkEwdjj-8&lc=UgzODOwqPLd915m-JAt4AaABAg,YES,review_comparison,advising,,,,post_purchase,,,none,low,2,5,Uniqlo chinos are great.,True
yt2_1104,youtube,2025-07-06,none,I just want a t-shirt that doesn't get all bacon collar on me.,https://www.youtube.com/watch?v=A6SkEwdjj-8&lc=UgxCif73R8rYKowkkC94AaABAg,YES,review_comparison,seeking,INTENT_GENUINE,BLOCK_FABRIC_QUALITY,,consideration,,fabric,none,medium,2,5,t-shirt that doesn't get all bacon collar,True
yt2_1112,youtube,2025-07-05,none,"Thank you, could you please do polos next? is purple RL worth it or should I stick with UNIQLO?",https://www.youtube.com/watch?v=A6SkEwdjj-8&lc=UgwwEo02-jo5qSBYDkF4AaABAg,YES,review_comparison,seeking,INTENT_GENUINE,BLOCK_CHOICE_COMPARISON,,comparison,is purple RL worth it or should I stick with UNIQLO?,alternatives,creator,high,3,5,is purple RL worth it or should I stick with UNIQLO?,True
yt2_1114,youtube,2025-07-05,none,Comfort colors fell off. Used to be great but they seem to reduce their quality,https://www.youtube.com/watch?v=A6SkEwdjj-8&lc=UgxWjgR5mnYpol2r1454AaABAg,YES,review_comparison,advising,,,,post_purchase,,,none,low,2,5,Comfort colors fell off.,True
yt2_1115,youtube,2025-07-05,none,you gotta two sizes up on bronson though,https://www.youtube.com/watch?v=A6SkEwdjj-8&lc=Ugww0hS10EGE4CnnUAp4AaABAg,YES,review_comparison,advising,,,,consideration,,,none,low,1,5,you gotta two sizes up on bronson though,True
yt2_1119,youtube,2025-07-04,none,I honestly can't stand those chunky neck lines. It doesn't suit those of us with beefier necks. The daintier neckline on the Merz makes that alone worth it for me.,https://www.youtube.com/watch?v=A6SkEwdjj-8&lc=Ugz3MQy9_ElOf38C1RV4AaABAg,YES,review_comparison,seeking,INTENT_GENUINE,BLOCK_STYLING,,consideration,,styling,none,high,3,5,It doesn't suit those of us with beefier necks.,True
yt2_1122,youtube,2025-07-04,none,tbh with pants i don't wanna spend more than like 80 bucks ideally since they break after like a year anyways for me at least,https://www.youtube.com/watch?v=A6SkEwdjj-8&lc=UgxA2-2TwbxZp5BL3bZ4AaABAg,YES,review_comparison,seeking,INTENT_GENUINE,BLOCK_DURABILITY_VALUE,,consideration,,durability,none,medium,3,5,i don't wanna spend more than like 80 bucks,True
yt2_1124,youtube,2025-07-28,none,"I’m 6.2 190lbs, I just want a heavyweight 100% cotton tshirt. Which one of the gildan hammer did mention",https://www.youtube.com/watch?v=A6SkEwdjj-8&lc=UgxLDUWlP66EmX_gMbF4AaABAg.AK8xO1hjFQTAL7Jmnfe2Cm,YES,review_comparison,seeking,INTENT_GENUINE,BLOCK_LISTING_INCOMPLETE,,consideration,Which one of the gildan hammer did mention,alternatives,creator,high,2,5,Which one of the gildan hammer did mention,True
yt2_1141,youtube,2025-07-03,none,I wish Wrangler made but to fly shrink to fit!  I don't like Levis politics.  I vote with my dollar.  I have not bought Levi's since 1998.,https://www.youtube.com/watch?v=A6SkEwdjj-8&lc=Ugy6Ka3zmOmSmvtQ1HN4AaABAg,YES,review_comparison,seeking,INTENT_GENUINE,BLOCK_LISTING_INCOMPLETE,,consideration,,,none,low,2,5,I wish Wrangler made but to fly shrink to fit!,True
yt2_1147,youtube,2025-07-05,none,I just wish they had more in stock when I go to order 😂😂😂,https://www.youtube.com/watch?v=A6SkEwdjj-8&lc=Ugyhe9UQKysMsFZKqnd4AaABAg.AK5rDIcCQjCAKAnetZrjXs,YES,review_comparison,seeking,INTENT_ACQUISITION_WATCH,,,saved,,,none,medium,2,5,I just wish they had more in stock,True
yt2_1157,youtube,2025-07-02,none,"Fashion has become so awful, and cheap clothing quality has become so good, that I only buy the cheapest garbage now.",https://www.youtube.com/watch?v=A6SkEwdjj-8&lc=UgwfGiC4pJ_bmQb_19h4AaABAg,YES,review_comparison,seeking,INTENT_GENUINE,BLOCK_DURABILITY_VALUE,,decision,,,none,high,2,5,i only buy the cheapest garbage now.,True
yt2_1160,youtube,2025-07-02,none,"I don't always want sateen chinos, tho. I don't know if or how ye ranked some other brands, but I already have several more than I can likely wear in a year, anyway. And cheap jeans, for that matter, mostly Wrangler and Levi, for what's worth.",https://www.youtube.com/watch?v=A6SkEwdjj-8&lc=UgwrkQZuryu49IEva3R4AaABAg,YES,review_comparison,seeking,INTENT_GENUINE,BLOCK_WARDROBE_SATURATION,,saved,,,none,low,2,5,I already have several more than I can likely wear,True
yt2_1161,youtube,2025-07-02,none,"J Crew will hafta wait.... If I recall when I next might need such pants, that iz.",https://www.youtube.com/watch?v=A6SkEwdjj-8&lc=UgwrkQZuryu49IEva3R4AaABAg.AK3XPyMePViAK3XVUmL7ee,YES,review_comparison,seeking,INTENT_OCCASION,,,saved,,,none,low,1,5,J Crew will hafta wait,True
yt2_1162,youtube,2025-07-02,none,"some dockers can be shiny and whatnot, if they still make such level from previous years, etc.",https://www.youtube.com/watch?v=A6SkEwdjj-8&lc=UgwrkQZuryu49IEva3R4AaABAg.AK3XPyMePViAK3XfhZt-8M,YES,review_comparison,advising,,,,consideration,,,none,low,1,4,some dockers can be shiny and whatnot,True
yt2_1163,youtube,2025-07-02,none,"wrangler [and others incl 505] don't do BUTTON FLY, so most my jeans have zippers now, which is meh.",https://www.youtube.com/watch?v=A6SkEwdjj-8&lc=UgwrkQZuryu49IEva3R4AaABAg.AK3XPyMePViAK3XpiXYglV,YES,review_comparison,seeking,INTENT_GENUINE,BLOCK_LISTING_INCOMPLETE,,consideration,,,none,medium,2,5,wrangler [and others incl 505] don't do BUTTON FLY,True
yt2_1164,youtube,2025-07-02,none,"Hanes Comfort Wash seems t' be superior feel t' some their other, and is the preshrunk one?",https://www.youtube.com/watch?v=A6SkEwdjj-8&lc=UgwrkQZuryu49IEva3R4AaABAg.AK3XPyMePViAK3YI57wRBl,YES,review_comparison,seeking,INTENT_GENUINE,BLOCK_FABRIC_QUALITY,,consideration,Is it the preshrunk one?,fabric,,medium,2,5,is the preshrunk one?,True
yt2_1167,youtube,2025-07-02,none,Please make a full video on T-shirts. I am so aggravated with the quality of these big brands. I need to find one that actually is good and lasts more than 3 washes.,https://www.youtube.com/watch?v=A6SkEwdjj-8&lc=Ugxlcj3vqLDmyAFgYb54AaABAg,YES,review_comparison,seeking,INTENT_GENUINE,,,discovery,,,youtube,low,2,5,Please make a full video on T-shirts.,True
yt2_1170,youtube,2025-07-02,none,I love bronson they just only make small people sizes. They only make xxl in one single shirt style,https://www.youtube.com/watch?v=A6SkEwdjj-8&lc=UgzNEz1920-6rqqGApx4AaABAg,YES,review_comparison,seeking,INTENT_GENUINE,BLOCK_SIZE_SELECTION,,consideration,Do they have my size?,size,,medium,4,5,they just only make small people sizes,True
yt2_1196,youtube,2024-11-01,none,The black shimmer dhoti style saree is my type of fit❤,https://www.youtube.com/watch?v=RCWeXpdVbeg&lc=UgwYVfhtXUmjLOZiY594AaABAg,YES,haul,seeking,INTENT_INSPIRATION,,,discovery,,,,low,1,5,The black shimmer dhoti style saree is my type of fit,True
yt2_1203,youtube,2024-10-30,none,Sabhi acchi thi .but small City k according peral wali jo thi vo best h.,https://www.youtube.com/watch?v=RCWeXpdVbeg&lc=UgwB0SfyImMBB8Tpoo94AaABAg,YES,haul,seeking,INTENT_GENUINE,BLOCK_CHOICE_COMPARISON,,comparison,,alternatives,,medium,2,5,small City k according peral wali jo thi vo best h,True
yt2_1212,youtube,2024-10-29,none,"I loved all these sarees especially the rhinestone baby pink saree . So I checked their website, but the prices just broke my heart😭 only the blouse was for 17k😢",https://www.youtube.com/watch?v=RCWeXpdVbeg&lc=UgwjbVul9OkCxPDrhPp4AaABAg,YES,haul,seeking,INTENT_GENUINE,BLOCK_DURABILITY_VALUE,,consideration,Why is the blouse so expensive?,,,low,4,5,the prices just broke my heart,True
yt2_1214,youtube,2024-10-29,none,"Frist wala green 💚,jaalpari wala black 🖤 aur last wala lavender 💷 bich mein vo peachi colour tha vo bhi mast tha",https://www.youtube.com/watch?v=RCWeXpdVbeg&lc=Ugz5p7nxfmKX4enHcmp4AaABAg,YES,haul,seeking,INTENT_INSPIRATION,,,discovery,,,,low,1,5,Frist wala green,True
yt2_1228,youtube,2024-10-29,none,Nhi bhen itna mehnga to nhi afford kr skte,https://www.youtube.com/watch?v=RCWeXpdVbeg&lc=UgzrozuwWS5zsjF9kJ94AaABAg.AAATrHNDX0rAAAUlAIP6bw,YES,haul,seeking,INTENT_GENUINE,BLOCK_DURABILITY_VALUE,,consideration,,,,low,4,5,itna mehnga to nhi afford kr skte,True
yt2_1232,youtube,2024-10-29,none,"Why u are not giving review for bl fabric lehanga, please do that",https://www.youtube.com/watch?v=RCWeXpdVbeg&lc=UgxFUOJpGLnaynqg9zJ4AaABAg,YES,haul,seeking,INTENT_GENUINE,,,discovery,Can you review the bl fabric lehanga?,reviews,creator,low,2,5,Why u are not giving review for bl fabric lehanga,True
yt2_1233,youtube,2024-10-29,none,sonia di apne itna late kyu dala mai diwali outfit le leti😢😅,https://www.youtube.com/watch?v=RCWeXpdVbeg&lc=UgywaARO0NytRC6P9ct4AaABAg,YES,haul,seeking,INTENT_GENUINE,,,discovery,,,,low,2,5,apne itna late kyu dala,True
yt2_1236,youtube,2024-10-29,none,You are wrong bro ..every outfit is above 10k you need the select option for the entire set...they show only the price of blouse unless you select entire set option,https://www.youtube.com/watch?v=RCWeXpdVbeg&lc=Ugw06v04Cb96ht7w_cd4AaABAg.AAAPKKgO-HVAAARMcCyWYH,YES,haul,advising,,,,discovery,,,,low,3,5,they show only the price of blouse,True
yt2_1239,youtube,2024-10-29,none,@aaradhyasingh2903recently I went to shopping I saw heavy and super good net and full heavy work worth for 13k if u bargain u can get for 12 k I guess may not but offline is best for cost,https://www.youtube.com/watch?v=RCWeXpdVbeg&lc=Ugw06v04Cb96ht7w_cd4AaABAg.AAAPKKgO-HVAAArzdnnuWl,YES,haul,advising,,,,discovery,,,offline_store,low,3,5,offline is best for cost,True
yt2_1243,youtube,2024-11-01,none,"@aaradhyasingh2903 lol, babe u may check chandi chowk, karol bagh, lajpatnagar. U will get the sameee outfits and even better infact, for around 4-5k trust me.  And the quality is top notch no doubt. These online stores and websites makes people like you fool that's it.",https://www.youtube.com/watch?v=RCWeXpdVbeg&lc=Ugw06v04Cb96ht7w_cd4AaABAg.AAAPKKgO-HVAAJTo86C_IS,YES,haul,advising,,,,discovery,,,offline_store,low,3,5,"u may check chandi chowk, karol bagh",True
yt2_1251,youtube,2024-10-29,none,Di me Bangladesh se apni video dekhti hu apko mujhe bohot achi lagti hai Apni fusion bohot acha lagti hai mai leni cahti hu kece lu 😢😢,https://www.youtube.com/watch?v=RCWeXpdVbeg&lc=UgxL1j2QgAzCmB3D27R4AaABAg,YES,haul,seeking,INTENT_GENUINE,BLOCK_LISTING_INCOMPLETE,,consideration,How to buy from Bangladesh?,,,medium,3,5,mai leni cahti hu kece lu,True
yt2_1254,youtube,2024-10-29,none,"Me loving every outfit and dreaming of getting it and then realising that i""m from indian family 🙃🥲",https://www.youtube.com/watch?v=RCWeXpdVbeg&lc=UgyHhKdvtbP5A4ZdpgF4AaABAg,YES,haul,seeking,INTENT_SIMULATED_OWNERSHIP,,,saved,,,,low,3,5,dreaming of getting it and then realising,True
yt2_1262,youtube,2024-10-29,none,I think last three were best 😍 + the pink sharara,https://www.youtube.com/watch?v=RCWeXpdVbeg&lc=UgwA7v99pbHKcH1q5TN4AaABAg,YES,haul,seeking,INTENT_INSPIRATION,,,discovery,,,,low,1,5,I think last three were best,True
yt2_1265,youtube,2024-10-29,none,I like pink shrara outfit... kareena kapoor wala❤❤,https://www.youtube.com/watch?v=RCWeXpdVbeg&lc=Ugx6y6wY1gf9str5jfp4AaABAg,YES,haul,seeking,INTENT_INSPIRATION,,,discovery,,,,low,1,5,I like pink shrara outfit,True
yt2_1268,youtube,2024-10-29,none,The second last black one was my fav. You looked so hot in that with that open hair look.🔥🔥❤❤,https://www.youtube.com/watch?v=RCWeXpdVbeg&lc=UgxKg_6uPodxjOW4mpZ4AaABAg,YES,haul,seeking,INTENT_INSPIRATION,,,discovery,,,,low,1,5,The second last black one was my fav.,True
yt2_1271,youtube,2024-10-29,none,Pink sharara and also the embellished dupatta outfit🤩🤩🤩😍😍😍,https://www.youtube.com/watch?v=RCWeXpdVbeg&lc=Ugz__GvZlcPU8hFeagB4AaABAg,YES,haul,seeking,INTENT_INSPIRATION,,,discovery,,,,low,1,5,Pink sharara and also the embellished dupatta,True
yt2_1275,youtube,2024-10-29,none,di black wale  saree boht ache the uss se farwell mai pehn ke jaa skhte h kya jada toh nhi lagega na,https://www.youtube.com/watch?v=RCWeXpdVbeg&lc=UgwQnGLNnTCNdV1VCbJ4AaABAg,YES,haul,seeking,INTENT_OCCASION,BLOCK_STYLING,,consideration,Can I wear this to my farewell?,styling,creator,high,2,5,uss se farwell mai pehn ke jaa skhte h kya,True
yt2_1285,youtube,2024-10-29,none,Can't choose one of them yrrrrr so pretttyyyyy ❤😢,https://www.youtube.com/watch?v=RCWeXpdVbeg&lc=UgyZyISCXxyGoj7V3dR4AaABAg,YES,haul,seeking,INTENT_GENUINE,BLOCK_CHOICE_COMPARISON,,comparison,Which one to choose?,alternatives,,medium,2,5,Can't choose one of them yrrrrr,True
yt2_1335,youtube,2025-07-20,none,Lehnga to 2 hazar ka bhi nhi h 2.5 lakh😂😂😂😂,https://www.youtube.com/watch?v=HY4jpLXnPUI&lc=UgyJC-qeiiDZwwRRBjt4AaABAg,YES,haul,advising,,,,discovery,,,,low,1,5,Lehnga to 2 hazar ka bhi,True
yt2_1342,youtube,2025-06-20,none,Yrr ye lenga koi shaadi me kese pehn skta😂,https://www.youtube.com/watch?v=HY4jpLXnPUI&lc=UgzR-qoa-58FbwlnYhp4AaABAg,YES,haul,advising,,,,discovery,,,,low,1,5,Yrr ye lenga koi shaadi me,True
yt2_1357,youtube,2026-02-05,none,Suggest outfit for summer haldi night plz plz,https://www.youtube.com/watch?v=Qi_FiM01k3M&lc=Ugwnaqe1Z-IE9FY7lJt4AaABAg,YES,other,seeking,INTENT_OCCASION,BLOCK_STYLING,,discovery,What to wear for summer haldi night?,styling,creator,low,2,5,Suggest outfit for summer haldi night,True
yt2_1358,youtube,2026-02-05,none,Bro suggest wedding outfits in summer wedding,https://www.youtube.com/watch?v=Qi_FiM01k3M&lc=UgzCO91vku8Od4Smkdp4AaABAg,YES,other,seeking,INTENT_OCCASION,BLOCK_STYLING,,discovery,What wedding outfits to wear in summer?,styling,creator,low,2,5,suggest wedding outfits in summer wedding,True
yt2_1361,youtube,2026-02-04,none,Can we wear a tuexedo in wedding or should we go with suit(its my brother wedding),https://www.youtube.com/watch?v=Qi_FiM01k3M&lc=Ugximnv_NxUwHwzcCGx4AaABAg,YES,other,seeking,INTENT_OCCASION,BLOCK_CHOICE_COMPARISON,BLOCK_STYLING,comparison,Tuxedo or suit for brother's wedding?,styling,creator,medium,3,5,Can we wear a tuexedo in wedding,True
yt2_1362,youtube,2026-02-04,none,Aayush bhai ki shaadi mein kya pehen rahe ho,https://www.youtube.com/watch?v=Qi_FiM01k3M&lc=Ugx4QwCTl6yW3y4M9Nl4AaABAg,YES,other,seeking,INTENT_OCCASION,BLOCK_STYLING,,discovery,What to wear to Aayush's wedding?,styling,creator,low,2,5,Aayush bhai ki shaadi mein kya,True
yt2_1363,youtube,2026-02-04,none,"Bhaiya summer aane wala hai or to hum mote logo ke liye kuch outfits ideas ka bhi video bna doo 
Or humko bhi old money style try krne ka man hota hai but samaj nhi ata kya try keru usme because of im oversized",https://www.youtube.com/watch?v=Qi_FiM01k3M&lc=UgwzkDzVgNy9At6PVUt4AaABAg,YES,other,seeking,INTENT_OCCASION,BLOCK_BODY_PROJECTION,BLOCK_STYLING,discovery,What old money style outfits work for oversized builds?,styling,creator,low,3,5,samaj nhi ata kya try keru,True
yt2_1366,youtube,2026-02-03,none,Bhai meri sis ki ring ceremony hai to usme kya pehna chahiye?,https://www.youtube.com/watch?v=Qi_FiM01k3M&lc=UgwNGj1NfNCw_xYYYx54AaABAg,YES,other,seeking,INTENT_OCCASION,BLOCK_STYLING,,discovery,What to wear for sister's ring ceremony?,styling,creator,low,2,5,to usme kya pehna chahiye?,True
yt2_1374,youtube,2026-01-29,none,Bhai slimfit matlab Jo mote hain unke liye nahi hai kya ? 😢,https://www.youtube.com/watch?v=Qi_FiM01k3M&lc=UgxyQ3A-k3oukmp58sR4AaABAg,YES,other,seeking,INTENT_GENUINE,BLOCK_BODY_PROJECTION,,consideration,Are slim fit clothes suitable for overweight people?,fit,,low,3,5,slimfit matlab Jo mote hain unke,True
yt2_1378,youtube,2026-01-28,none,San sir please aap suggest kar do suit ka fabric night wedding event mein jo budget me bhi ho🙏🏻🙏🏻,https://www.youtube.com/watch?v=Qi_FiM01k3M&lc=UgwWkymlWprNMpecYyd4AaABAg,YES,other,seeking,INTENT_OCCASION,BLOCK_FABRIC_QUALITY,BLOCK_DURABILITY_VALUE,consideration,What suit fabric fits a night wedding and a budget?,fabric,creator,medium,3,5,suggest kar do suit ka fabric,True
yt2_1380,youtube,2026-01-28,none,Bhaiya 1 video bnao jis mein sare pant jens or other pant ka difference ho kyuki mujhe in ko lene mein bahot mushkil hoti hai jese mein baggy lenen jata hu or relax fit leleta hu please make 😢😢😢😢,https://www.youtube.com/watch?v=Qi_FiM01k3M&lc=UgzweeNH1KlY8W0gDJR4AaABAg,YES,other,seeking,INTENT_GENUINE,BLOCK_FABRIC_QUALITY,,discovery,How do different pant types differ?,styling,creator,low,2,5,mujhe in ko lene mein bahot,True
yt2_1382,youtube,2026-01-28,none,Bro plz bna de suit stitching guide pe❤❤,https://www.youtube.com/watch?v=Qi_FiM01k3M&lc=UgznOfiyNj8f3MtsOHR4AaABAg,YES,other,seeking,INTENT_INSPIRATION,,,discovery,,,creator,low,1,5,plz bna de suit stitching guide,True
yt2_1387,youtube,2026-01-28,none,"bro seriously, I just finalized my wededing outfits and getting this video.. please don't make me regret 🥲🥲🥲🥲",https://www.youtube.com/watch?v=Qi_FiM01k3M&lc=UgzhFFRr87sd4xcm-XV4AaABAg,YES,other,seeking,INTENT_GENUINE,,,decision,,,,high,3,5,I just finalized my wededing outfits,True
yt2_1388,youtube,2026-01-28,none,Bro black wali shervani par detail video bana sakta hai please 🙏🧡,https://www.youtube.com/watch?v=Qi_FiM01k3M&lc=Ugzk1ckclgrHSDAeX8N4AaABAg,YES,other,seeking,INTENT_INSPIRATION,,,discovery,,,creator,low,1,5,black wali shervani par detail video,True
yt2_1390,youtube,2026-01-28,none,Bhai summers k  lya kuch Bataaoo comfortable or classic  ho😢,https://www.youtube.com/watch?v=Qi_FiM01k3M&lc=Ugzkbl7ib8nIkWz1dqJ4AaABAg,YES,other,seeking,INTENT_OCCASION,BLOCK_STYLING,,discovery,What is comfortable and classic for summer?,styling,creator,low,2,5,summers k lya kuch Bataaoo comfortable,True
yt2_1392,youtube,2026-01-28,none,San bro which pants were u wearing with those bandgala,https://www.youtube.com/watch?v=Qi_FiM01k3M&lc=Ugy7hqYWPvpl1BOL7hl4AaABAg,YES,other,seeking,INTENT_GENUINE,BLOCK_LISTING_INCOMPLETE,,consideration,Which specific pants were worn with those bandgalas?,styling,creator,medium,2,5,which pants were u wearing,True
yt2_1405,youtube,2025-10-26,none,Crop top lehanga 2 thousand ya 3 thousand tak ka dekhao,https://www.youtube.com/watch?v=-hO-t485nfI&lc=UgxSSR8HKZnHhNHTTY54AaABAg,YES,haul,seeking,INTENT_ACQUISITION_WATCH,BLOCK_DURABILITY_VALUE,,discovery,Where to find crop top lehengas in the 2 to 3 thousand price range?,alternatives,creator,medium,2,5,Crop top lehanga 2 thousand ya,True
yt2_1412,youtube,2026-08-18,none,हमने फैशन हाल देखकर बहुत सारे कपड़े खरीद लिए पर उन्हें अरेंज करना और बहुत अधिक कपड़े खरीदना और पुराने कपड़ों का घर में देर लग गया है iske liye bhi kuchh bataen,https://www.youtube.com/watch?v=xt9XKzYlIjM&lc=Ugy-PpA3jUshSwYE5-J4AaABAg,YES,haul,seeking,INTENT_GENUINE,BLOCK_WARDROBE_SATURATION,,post_purchase,How to organize and stop buying excess clothes when closets are full?,,,low,4,5,,False
yt2_1413,youtube,2026-08-18,none,11:23 isme colour hai kya ? Hum black nahi pehente,https://www.youtube.com/watch?v=xt9XKzYlIjM&lc=Ugwnt08afPjltSiSnYV4AaABAg,YES,haul,seeking,INTENT_GENUINE,BLOCK_LISTING_INCOMPLETE,,consideration,Does this item come in other colors besides black?,styling,creator,medium,2,5,isme colour hai kya ?,True
yt2_1419,youtube,2026-08-05,none,"Ab apke link show nhi krte open nhi hote pta nhi kyu, kuch purchase nhi kr pati hu😢",https://www.youtube.com/watch?v=Uov6KYO9LPM&lc=UgypkGxfwA9BGqMSTuR4AaABAg,YES,haul,seeking,INTENT_GENUINE,BLOCK_LISTING_INCOMPLETE,,consideration,Why do the links not show or open?,,,medium,4,5,Ab apke link show nhi krte,True
yt2_1424,youtube,2026-08-12,none,Pls don't show poor quality dresses just for the video.i have bought a lot of dresses from your recommendation it was good....but the peach dress which your wearing looks good in video but the quality was really poor.,https://www.youtube.com/watch?v=__737DvZz84&lc=UgxU41LWRHvMQlmGjX54AaABAg,YES,haul,seeking,INTENT_GENUINE,BLOCK_DURABILITY_VALUE,BLOCK_REVIEW_DISTRUST,post_purchase,Is the quality of the peach dress poor?,durability,creator,low,4,5,the quality was really poor.,True
yt2_1425,youtube,2026-08-11,none,aapka selection bahut achchha lagta hai...par product ke ratings bahut kharab hote hain jo aapne links di hain... aur almost sabke kharab hain... hardly koi 4+ hai... to samajh nahin aata try kare ya nahin,https://www.youtube.com/watch?v=__737DvZz84&lc=UgwVIzHs_cddbHMQ_sR4AaABAg,YES,haul,seeking,INTENT_GENUINE,BLOCK_REVIEW_DISTRUST,,consideration,Should I try the product despite bad ratings?,reviews,,medium,4,5,product ke ratings bahut kharab hote hain,True
yt2_1443,youtube,2026-08-06,none,"Back with a bang yeaahhh
But keep posting videos aap bht delay karte ho mai to us chakkar mei buy bhi ni karti kuch",https://www.youtube.com/watch?v=__737DvZz84&lc=UgynwCK6-UgEVIr3LOt4AaABAg,YES,haul,seeking,INTENT_GENUINE,,,discovery,,,,low,2,5,bht delay karte ho mai to us chakkar mei buy bhi ni karti,True
yt2_1464,youtube,2026-08-12,none,Can you mention whether the bottoms have pocket or not?,https://www.youtube.com/watch?v=ZsuZD4iV4P8&lc=UgxPlZD8VqizAS-uApV4AaABAg,YES,haul,seeking,INTENT_GENUINE,BLOCK_LISTING_INCOMPLETE,,consideration,Do the bottoms have pockets?,fabric,creator,high,3,5,Can you mention whether the bottoms have pocket or not?,True
yt2_1494,youtube,2025-10-14,none,"I needed the link for the grey sharara which you were wearing, it is a green one that you shared the link for 😢 and i cant find the grey one",https://www.youtube.com/watch?v=e-RveOO7mb4&lc=Ugxx1B3bIWejPEJ3_kR4AaABAg,YES,haul,seeking,INTENT_GENUINE,BLOCK_LISTING_INCOMPLETE,,consideration,Where is the link for the grey sharara?,,creator,high,3,5,i cant find the grey one,True
yt2_1497,youtube,2025-10-14,none,I really love the last one and I can't wait to buy it✨❣️,https://www.youtube.com/watch?v=e-RveOO7mb4&lc=Ugzr4PbvHx0PnDqlQUx4AaABAg,YES,haul,seeking,INTENT_GENUINE,,,saved,,,,high,1,5,I can't wait to buy it,True
yt2_1504,youtube,2025-10-14,none,Hiiii aapki collection to achhi h bt I'm brown tone girl or dusky tone girl maii khud ke liye colour choose hi nhi kr pati,https://www.youtube.com/watch?v=e-RveOO7mb4&lc=UgyeZS0K3MxEuWY7v494AaABAg,YES,haul,seeking,INTENT_GENUINE,BLOCK_STYLING,,consideration,Which colours suit a dusky skin tone?,styling,creator,medium,3,5,dusky tone girl maii khud ke liye colour choose hi nhi kr pati,True
yt2_1527,youtube,2025-10-11,none,Aapne jo suit pehna hai uska size batao di please ❤,https://www.youtube.com/watch?v=e-RveOO7mb4&lc=UgzsGnwQqZzjibvea0l4AaABAg,YES,haul,seeking,INTENT_GENUINE,BLOCK_LISTING_INCOMPLETE,,consideration,What size is the suit you are wearing?,size,creator,high,3,5,Aapne jo suit pehna hai uska size batao,True
yt2_1530,youtube,2025-10-11,none,"Dii please aap ye bta do ki kya phnne ki thodi hight achi dikhe ❤




 Last vala nd 3 ya 4th me se..... m purchase krne vali hu ❤",https://www.youtube.com/watch?v=e-RveOO7mb4&lc=UgwzWU8P3dtRs_r-iMJ4AaABAg,YES,haul,seeking,INTENT_GENUINE,BLOCK_STYLING,,decision,What should I wear to look a bit taller?,styling,creator,high,3,5,kya phnne ki thodi hight achi dikhe,True
yt2_1531,youtube,2025-10-10,none,"I was looking for what to buy for my mother since past 1 hour and stumbled upon this video , i finally have the answer now . The one you wore throughout the video will look good on her too . Thanks ❤",https://www.youtube.com/watch?v=e-RveOO7mb4&lc=Ugx9tP4ynvae6hO3Mzh4AaABAg,YES,haul,seeking,INTENT_GENUINE,,,decision,,,,high,1,5,i finally have the answer now,True
yt2_1542,youtube,2025-10-10,none,Mam apnw jo pehna hai uski prize kya hai please bta dijiye muje lena hai diwali ke liye🥲🥲🥲,https://www.youtube.com/watch?v=e-RveOO7mb4&lc=Ugyf3q2gCQtwJaXk06l4AaABAg,YES,haul,seeking,INTENT_OCCASION,BLOCK_LISTING_INCOMPLETE,,consideration,What is the price of the outfit?,,creator,high,3,5,uski prize kya hai please bta dijiye,True
yt2_1558,youtube,2025-10-10,none,I liked the last set on you and will probably buy the same one too given I like this style more compared to other sets.,https://www.youtube.com/watch?v=e-RveOO7mb4&lc=UgzNAE_KtxKfAHPs_dF4AaABAg,YES,haul,seeking,INTENT_GENUINE,,,decision,,,,high,1,5,will probably buy the same one too,True
yt2_1562,youtube,2025-11-25,none,What about blue dress phant type it's level phant or bellbottom type phant,https://www.youtube.com/watch?v=ZEHN6-16d2g&lc=UgzFi7Ipq-TJJ3SdSkR4AaABAg,YES,haul,seeking,INTENT_GENUINE,BLOCK_LISTING_INCOMPLETE,,consideration,Is the blue dress pant straight or bellbottom style?,styling,creator,medium,2,5,it's level phant or bellbottom type phant,True
yt2_1632,youtube,2024-10-19,none,Aap ka ghar bahut badaa hoga... Isiliye sab decor aapko use hota hai... 2bhk mey yeh bahut zyada hoga.. mujhe lagta hai 😊,https://www.youtube.com/watch?v=3MDvskB5kew&lc=UgzOiMWmD0czWoH5xzZ4AaABAg,YES,haul,seeking,INTENT_INSPIRATION,BLOCK_WARDROBE_SATURATION,,consideration,Will this decor fit in a 2BHK apartment?,,,low,2,4,2bhk mey yeh bahut zyada hoga,True
yt2_1633,youtube,2024-10-19,none,Right mera bhi 2bhk smjh hee nhi aata decorate kya kre ....zyda kuch kr do toh Ghar bhara bhara lgne lgta h bht,https://www.youtube.com/watch?v=3MDvskB5kew&lc=UgzOiMWmD0czWoH5xzZ4AaABAg.A9kt4lnRxUnA9lJnZg2EBw,YES,haul,advising,,,,consideration,,,,low,1,4,smjh hee nhi aata decorate kya kre,True
yt2_1832,youtube,2026-06-15,none,Anyone knows about cherry handpicked shop ... Can you please confirm the originality?,https://www.youtube.com/watch?v=6bs9mv_TIu0&lc=UgyRUU8LQ13op-XJlUZ4AaABAg,YES,other,seeking,INTENT_GENUINE,BLOCK_AUTHENTICITY,,consideration,Are the items from cherry handpicked shop genuine?,authenticity,friends,medium,3,5,Can you please confirm the originality?,True
yt2_1835,youtube,2025-11-06,none,"Girlies please suggest me some thrift stores which sell jackets , denim jackets , leather jackets etc",https://www.youtube.com/watch?v=6bs9mv_TIu0&lc=UgxatBJgFIwQSJRzerp4AaABAg,YES,other,seeking,INTENT_ACQUISITION_WATCH,BLOCK_LISTING_INCOMPLETE,,discovery,Which thrift stores sell jackets?,alternatives,thrift,medium,2,5,please suggest me some thrift stores,True
yt2_1836,youtube,2025-08-23,none,Hey did anyone thrift from there recommended pages n am new at thrifting n I don’t want to be scammed…plz reply anyone … even the creator too😭🙏🏽❤️,https://www.youtube.com/watch?v=6bs9mv_TIu0&lc=Ugwww3T-oLiL9DJA22p4AaABAg,YES,other,seeking,INTENT_GENUINE,BLOCK_AUTHENTICITY,BLOCK_REVIEW_DISTRUST,consideration,Are these recommended thrift pages a scam?,authenticity,creator,low,4,5,I don’t want to be scammed,True
yt2_1838,youtube,2025-09-13,none,"Hie ❤️ yes I've personally ordered few items from fresh pick with love and dragon fly. Others I've gathered from thorough research, so they should be safe.
A quick tip : when you're buying from an ig thrift store, check it's tagged section if people are actually buying there products or not.",https://www.youtube.com/watch?v=6bs9mv_TIu0&lc=Ugwww3T-oLiL9DJA22p4AaABAg.AM9ejJgvIupAN-pMm-wJwu,YES,other,advising,,,,consideration,,,instagram,low,1,5,check it's tagged section if people are actually buying,True
yt2_1839,youtube,2026-03-18,none,"​@Hansika7497i have purchased from cherry handpicked haven't gotten the parcel yet , are they trustable.",https://www.youtube.com/watch?v=6bs9mv_TIu0&lc=Ugwww3T-oLiL9DJA22p4AaABAg.AM9ejJgvIupAUUStUM_In_,YES,other,seeking,INTENT_GENUINE,BLOCK_AUTHENTICITY,,post_purchase,are they trustable,authenticity,,low,3,5,"haven't gotten the parcel yet , are they trustable.",True
yt2_1848,youtube,2024-12-24,none,Yo where is a place where I can get a high quality full zipper hoodie,https://www.youtube.com/watch?v=ZjGLr06oU78&lc=UgxlxS9uG-DaTnUu0fV4AaABAg,YES,other,seeking,INTENT_GENUINE,BLOCK_LISTING_INCOMPLETE,,discovery,where is a place where I can get a high quality full zipper hoodie,alternatives,,medium,2,4,where is a place where I can get,True
yt2_1856,youtube,2024-08-15,none,It's about to get cold and i have sweaters lol i need everything,https://www.youtube.com/watch?v=ZjGLr06oU78&lc=Ugxwj0MkIELFnFtQcjZ4AaABAg,YES,other,seeking,INTENT_OCCASION,,,discovery,,,,high,3,4,It's about to get cold and i have sweaters lol i need everything,True
yt2_1860,youtube,2024-05-10,none,Where's the best place to buy high-end cheeper priced dress clothes. I need a suit,https://www.youtube.com/watch?v=ZjGLr06oU78&lc=Ugwc-W9m0ZhH1ATL0mx4AaABAg,YES,other,seeking,INTENT_GENUINE,BLOCK_LISTING_INCOMPLETE,,discovery,Where's the best place to buy high-end cheeper priced dress clothes,alternatives,,high,3,5,Where's the best place to buy high-end cheeper priced dress clothes.,True
yt2_1862,youtube,2024-03-22,none,i shouldnt be watching this rn i need to save my money,https://www.youtube.com/watch?v=ZjGLr06oU78&lc=UgzEZ3V1ZNW1qbJIdoJ4AaABAg,YES,other,seeking,INTENT_GENUINE,BLOCK_WARDROBE_SATURATION,,consideration,,,,medium,4,5,i shouldnt be watching this rn i need to save my money,True
yt2_1863,youtube,2024-03-09,none,"so the way I shop online is search for what I deed, for example jeans, sort by cheapest, order everythidg that looks ok, choose one, send the rest back, and order the one I've chose several times lol",https://www.youtube.com/watch?v=ZjGLr06oU78&lc=UgzlOGapQdcrzUlNSa14AaABAg,YES,other,advising,INTENT_GENUINE,,,comparison,,size,,high,2,4,"order everythidg that looks ok, choose one, send the rest back",True
yt2_1864,youtube,2024-02-23,none,Never buy by online. Because you see only photos. See and buy from the shop.,https://www.youtube.com/watch?v=ZjGLr06oU78&lc=UgxnPrdF6L-kAbYtla54AaABAg,YES,other,advising,,BLOCK_IMAGE_DISTRUST,,discovery,,,offline_store,low,3,4,Never buy by online. Because you see only photos.,True
yt2_1866,youtube,2025-10-11,none,Just bought something while watching this video.....The Shame.,https://www.youtube.com/watch?v=PyRj1hpSXPU&lc=UgwDKfFuYyaWRD2yMfR4AaABAg,YES,anti_consumption,seeking,INTENT_GENUINE,,,decision,,,,high,3,4,Just bought something while watching this video.....The Shame.,True
yt2_1874,youtube,2025-07-19,none,I keep reminders on my phone of my No items! I need the constant reminder in case i get swayed in the shops!❤,https://www.youtube.com/watch?v=you6IxDeFRs&lc=UgxnYQr7BxH2LE9cv7x4AaABAg,YES,anti_consumption,seeking,,BLOCK_WARDROBE_SATURATION,,saved,,,,low,4,5,I keep reminders on my phone of my No items!,True
yt2_1875,youtube,2025-07-18,none,"Analysis is key! I only today realized I only use my more fitted t-shirts in summer, and the oversized ones only under sweaters when its cold.😅 Documenting all my clothes on Indyx has been life changing too",https://www.youtube.com/watch?v=you6IxDeFRs&lc=UgxRf6j4L6mRCrmdo1d4AaABAg,YES,anti_consumption,advising,,,,saved,,,,low,1,4,Documenting all my clothes on Indyx has been life changing too,True
yt2_1877,youtube,2025-07-18,none,"I am trying to do better with bringing new things into my wardrobe. I still have too much and don’t really love too much. Another consideration is how your style is evolving,  due to lifestyle changes, desire for comfort or just what you feel suits you now compared to the past. I have some lovely things that I just don’t like on me anymore. Also items like beautiful cocktail dresses that I am saving, foolishly, for a future event that never comes. These take up room, are in great shape and quality and are hard to let go of.",https://www.youtube.com/watch?v=you6IxDeFRs&lc=UgzOnoRND_PuEhW0rZh4AaABAg,YES,anti_consumption,advising,,,,saved,,,,low,3,4,I still have too much and don’t really love too much.,True
yt2_1878,youtube,2025-07-19,none,"Absolutely, lifestyle changes have a big impact on our closet 😊 And I understand the reluctancy as I'm sometimes the same - I need more time before making a wardrobe change, but once I do I feel so much better 🥰",https://www.youtube.com/watch?v=you6IxDeFRs&lc=UgzOnoRND_PuEhW0rZh4AaABAg.AKiRyEA6pr8AKkL9xZaEJp,YES,anti_consumption,advising,,,,saved,,,,low,1,4,lifestyle changes have a big impact on our closet,True
yt2_1879,youtube,2025-07-18,none,My no wear items are ones that I can’t style. I might know what would go with it but can’t find it. Also not sure of a way around it but trends get dated fast as well. You might not reach for it because it feels like two years ago etc. my black items are pretty much the only ones that can stand the test of time. Even if you are not trying to be trendy what is widely available in the moment may not play well with what you have.,https://www.youtube.com/watch?v=you6IxDeFRs&lc=Ugw4C4nq64jQPBWE8xx4AaABAg,YES,anti_consumption,advising,,BLOCK_STYLING,,saved,,styling,,low,3,4,My no wear items are ones that I can’t style.,True
yt2_1882,youtube,2025-07-17,none,"I like this approach. My category would be to categorize by season. I have slightly different styles in winter and summer: more understated and elegant in the colder months, a little more colorful and casual when the warmer weather arrives. Also, I tolerate a little more polyester or acrylic for winter clothes, but I can't wear them in summer.
If I made the list without that in mind, I'd have to get rid of my summer dresses and blouses or many of the knit sweaters because they don't fit the overall pattern.
I realized this last year when I bought several summer items with a more neutral palette (cream, black) and ended up ""forcing"" myself to wear them. It's not that I hate them, they're just not my first choice, and this year I haven't bought any more summer neutrals.",https://www.youtube.com/watch?v=you6IxDeFRs&lc=Ugx54f0l49wATs45Kbl4AaABAg,YES,anti_consumption,advising,,,,saved,,fabric,,low,2,4,I tolerate a little more polyester or acrylic for winter clothes,True
yt2_1884,youtube,2025-07-17,none,"The 'not worn in a year' method does not work for everything. For example, gala dresses and fancy outfits are often worn only once every two or three years, but that does not mean I have to get rid of them. The same applies to some accessories.",https://www.youtube.com/watch?v=you6IxDeFRs&lc=UgzhdyaIVDhLOYIwieJ4AaABAg,YES,anti_consumption,advising,,,,saved,,,,low,2,4,gala dresses and fancy outfits are often worn only once every two or three years,True
yt2_1891,youtube,2025-07-17,none,"While watching your video I started to reflect on items I end up not wearing and donate. It wasn’t the color, it wasn’t the fabric, it wasn’t the washing instructions…it’s always the fit !!!
Now I will concentrate on only buying items that I classify 10/10 on fit.
Thank you for your great videos, I learn so much by watching your videos.",https://www.youtube.com/watch?v=you6IxDeFRs&lc=UgwGgOtV16EAuHhrx4J4AaABAg,YES,anti_consumption,advising,,,,saved,,fit,,low,3,4,it’s always the fit !!! Now I will concentrate on only buying,True
yt2_1897,youtube,2025-07-16,none,"Hi Kim

You are so right, a no-list helps a lot in not buying :). I have one last criterion before I buy something new. I always imagine the item of clothing hanging in my closet among the others, and I am getting ready to go somewhere. I imagine if this would be the one I would choose, or if it would be one of my older, beloved tops, pants, etc. If I were to choose something else instead, if it didn't make me excited to wear it, I wouldn't buy it.",https://www.youtube.com/watch?v=you6IxDeFRs&lc=UgxtYgNB8--xIWp_Qpp4AaABAg,YES,anti_consumption,advising,,,,consideration,,,,low,2,4,I always imagine the item of clothing hanging in my closet,True
yt2_1899,youtube,2025-07-16,none,"I’ve never done a yes/no list, but it’s such a good idea, it’ll help reduce my wish list hopefully 🤗",https://www.youtube.com/watch?v=you6IxDeFRs&lc=Ugwxq4Oy5hAyBTmBkW54AaABAg,YES,anti_consumption,seeking,INTENT_GENUINE,,,saved,,,,low,2,4,it’ll help reduce my wish list hopefully,True
yt2_1902,youtube,2025-08-16,none,i feel you on the ordering it and letting the box sit there or guilt once it arrived at my house. i sometimes try it on and then want to return it bc the guilt and excitement is already gone. ughhh,https://www.youtube.com/watch?v=sdQ0OB75Vvw&lc=Ugy24rhxPJHty9fQJFJ4AaABAg,YES,anti_consumption,seeking,INTENT_GENUINE,,,post_purchase,,,,low,3,4,i sometimes try it on and then want to return it bc the guilt,True
yt2_1908,youtube,2024-08-04,none,"The biggest reasons are
1. After the pandemic i got used to living in the house and started buying and shopping online instead of leaving the house. It is easier and faster to shop online but it quickly spiraled from necessities into clothes and albums from my favourite singers and kpop groups
2. Not having enough genuine connection irl. I am lonely. My friends had left town, started working while i was unwell for a few years. I couldnt leave the house often so i turned to shopping and online communities to fill in some type of irl connection. But online communities often become toxic overtime and i felt out of place. When i was buying items, they couldnt change or turn on me as people could. So i kept buying more and even stopped interacting in online spaces. So i was lonely irl and online. These items felt safer and like a safety blanket for me. I keep indulging in them for that feeling of safety and connection.

Those are the two biggest reasons i have found so far. I miss when i could randomly splurge on a very rare shopping trip or plan to go somewhere randomly because my finances were in order. I miss having good finances, i saved quiet well before. I feel ashamed at spending 2k on kpop albums and photocards. I feel ashamed and guilty for lying to friends and families why i cant afford to fix my car at an good garage or buying something small like a coffee when we go out. I say am tired of spending £4 on a drink, but really, I have already spent my money and have the bare, bare minimum to get by for the rest of the month. I am one bad day away from being in financial ruin. And i need to get my shit together.

I wokeup this morning and was already looking at clothes to add to my cart, an item on my WL was on sale. But instead i thought about how much i wanted a friend or a girlfriend instead. How much i wanted to spend genuine time with mum or sister i dont live close by to anymore. So i closed the app and decided to admit i have a really big problem. I am a shopping addict. I am lonely. I have no real hobbies. Life is really hard and shopping is my coping mechanism.",https://www.youtube.com/watch?v=sdQ0OB75Vvw&lc=UgxMiA0Vy2FKzR72yAR4AaABAg,YES,anti_consumption,seeking,INTENT_GENUINE,BLOCK_WARDROBE_SATURATION,,cart,,,,high,5,5,I am a shopping addict. I am lonely.,True
yt2_1910,youtube,2024-03-05,none,I’m struggling with the no buy and found myself shopping again. I don’t know how to stop,https://www.youtube.com/watch?v=sdQ0OB75Vvw&lc=UgzutQ0C0tbHByBhoTF4AaABAg,YES,anti_consumption,seeking,INTENT_GENUINE,BLOCK_WARDROBE_SATURATION,,consideration,how to stop shopping,,,medium,4,5,I’m struggling with the no buy,True
yt2_1911,youtube,2024-02-23,none,"It’s the instant adrenal rush for me to purchase something and as soon as I hit the confirm button, I get this “ I need to cancel this” right away feeling. I get the item, try it on, love it and then it sits in my closet.",https://www.youtube.com/watch?v=sdQ0OB75Vvw&lc=Ugz-Hii8782NB4aIhhN4AaABAg,YES,anti_consumption,seeking,INTENT_GENUINE,BLOCK_ANTICIPATED_NONUSE,,post_purchase,,,,high,3,5,it sits in my closet,True
yt2_1913,youtube,2024-01-01,none,"Am I the only one who can spend money on SO many things, no problem, no guilt, but then there is one thing that when you spend money on it, for some reason, you feel guilty about it? I can buy makeup, skin care, hair care, food, almost anything and I don’t feel bad about it, despite not needing it, knowing I won’t actually use them, but the things I actually need, like clothes, I feel horrible about. I struggle so bad buying clothes.",https://www.youtube.com/watch?v=sdQ0OB75Vvw&lc=UgzCVhzBlQojipDnEf94AaABAg,YES,anti_consumption,seeking,INTENT_GENUINE,BLOCK_DURABILITY_VALUE,,consideration,,,,medium,4,4,you feel guilty about it,True
yt2_1915,youtube,2026-06-23,none,I think about how much of my time it took physically working to buy that. Then it makes me not want to buy things.,https://www.youtube.com/watch?v=0Uj56N1FSNo&lc=UgyS-Fr1b7NELd2I0Ct4AaABAg,YES,anti_consumption,seeking,INTENT_GENUINE,BLOCK_DURABILITY_VALUE,,consideration,,,,low,3,5,makes me not want to buy,True
yt2_1916,youtube,2026-06-21,none,"This is such an important topic because wanting less can feel more powerful than earning more. So much spending comes from boredom, comparison, stress, or identity, not real need. Learning to pause before buying can protect your money, attention, and peace in a world designed to make you constantly want more.",https://www.youtube.com/watch?v=0Uj56N1FSNo&lc=UgxDqrHKeGb5ASj1fnt4AaABAg,YES,anti_consumption,advising,INTENT_INSPIRATION,,,discovery,,,,low,1,5,Learning to pause before buying,True
yt2_1919,youtube,2026-05-20,none,Don’t buy digital media when it can be shared by a friend or found online.,https://www.youtube.com/watch?v=0Uj56N1FSNo&lc=Ugx4XdnOtrp7jz5A16t4AaABAg,YES,anti_consumption,advising,,,,discovery,,,,low,1,5,Don’t buy digital media,True
yt2_1921,youtube,2026-05-02,none,"You guys have adds on your browser, weird.
My weaknesses are things I've been wanting for 2+ years that are currently on a 30%+ off sale with free shipping. 
Those are usually Gunpla though because my other hobbies are free or pay for themselves by preventing a necessary purchase.",https://www.youtube.com/watch?v=0Uj56N1FSNo&lc=Ugzxxupk7xy0qIeDHbl4AaABAg,YES,anti_consumption,seeking,INTENT_PRICE_WATCH,,,saved,,,,high,3,5,wanting for 2+ years that are currently on a 30%+ off sale,True
yt2_1922,youtube,2026-03-29,none,Good idea to wait even put it in the cart and wait for the next day alot of the time u will change your mind impulse buying is the worst thing.,https://www.youtube.com/watch?v=0Uj56N1FSNo&lc=Ugyz6MydgMxWdWDDw6J4AaABAg,YES,anti_consumption,advising,,,,cart,,,,low,1,5,put it in the cart and wait,True
yt2_1926,youtube,2026-03-18,none,"i really like the video, as i first heard the 30 day time  between thought and actual purchase i was shocked. i thought with my 24 hour waiting time im doing good haha",https://www.youtube.com/watch?v=0Uj56N1FSNo&lc=UgzcFDH6ZTTvXWs61AJ4AaABAg,YES,anti_consumption,seeking,INTENT_GENUINE,,,consideration,,,,medium,2,4,i first heard the 30 day time between thought and actual purchase,True
yt2_1929,youtube,2026-02-25,none,"I usually break it down into simpler terms
1. Priority (These are the things that I cannot just go without)
2. Need (Once priority is taken care of, I still filter stuff out asking myself do I really need this)",https://www.youtube.com/watch?v=0Uj56N1FSNo&lc=Ugzhrkr_xcYuNzvsjut4AaABAg,YES,anti_consumption,advising,,,,consideration,,,,low,1,5,I usually break it down into simpler terms,True
yt2_1930,youtube,2026-02-20,none,I keep coming back to this video when i have the urge to buy something. Hahahaha,https://www.youtube.com/watch?v=0Uj56N1FSNo&lc=UgyZ5vBG35KEZpf6Uvl4AaABAg,YES,anti_consumption,seeking,INTENT_GENUINE,,,saved,,,,high,2,5,keep coming back to this video when i have the urge to buy,True
yt2_1931,youtube,2026-02-17,none,"The only debt that I have is my mortgage and vehicle payment (which to be fair, isn''t nothing) but I don't have any credit cards maxed out or loans that I'm trying to pay back, but that in itself is a trap. It makes spending feel guilt free in a way, but there is still financial goals I want to reach but seem to progress towards extremely slowly because I'm just a irresponsible child at heart when it comes to spending, lol... But I think from now on when I want to make a bigger purchase, Im going to set a reminder from a month of me first wanting it, to see if future me agrees with stupid...i mean current me.",https://www.youtube.com/watch?v=0Uj56N1FSNo&lc=UgxfAsslMzHPdVMwH8V4AaABAg,YES,anti_consumption,seeking,INTENT_GENUINE,BLOCK_DURABILITY_VALUE,,consideration,,,,medium,3,4,financial goals I want to reach,True
yt2_1934,youtube,2025-11-21,none,"I’ve recently just gotten over buying things. This coming from someone that has spent 1000’s on action figures and 100’s on DVDs and blu rays. 

I’ve reached critical mass on each in both terms of space and financial investment. I’m going to slow it way down for 2026 and appreciate what I have vs. always getting more and more.",https://www.youtube.com/watch?v=0Uj56N1FSNo&lc=UgwDyUG6-cNE_B25voN4AaABAg,YES,anti_consumption,seeking,INTENT_GENUINE,BLOCK_WARDROBE_SATURATION,,consideration,,,,low,4,5,reached critical mass on each in both terms of space,True
yt2_1935,youtube,2025-11-18,none,"I am currently having a strong urge to buy an IEM. I already have one, which I have been using for more than a year and I am pretty satisfied with it, but my problem is I research and watch content on these things more than I use my IEM. I literally have spent more time reading/watching about iems then I listened to mine, and it's all due to YouTube and reddit. Now I am not saying the problem is with these platforms, while I do get ads about headphones and iems all the time, but it's just so easy to get into this zone of wanting to buy things, and these reddit posts and reviews do a great job of convincing me that I NEED this iem which I don't have. My inner self knows that I am enjoying listening to songs on my set and even if I get a new set it will not change much in enjoyment, but still there's this craving, and a good way to control it would be to not feed my mind with any more information about these things.

Now I know this comment is more of me thinking out loud in comment section, but I think it will just show how these cravings take over sometimes. I will not lie I still wanna buy it, and my mind is making up reasons for it. Like I will get a new cable, new tips, different sound, and none of these things are important. I can tune my iems and keep using them and still have fun, but it's just crazy how I am literally thinking about buying them all day long for a whole week now.",https://www.youtube.com/watch?v=0Uj56N1FSNo&lc=UgwhxgvLO4PjHxoqwfl4AaABAg,YES,anti_consumption,seeking,INTENT_GENUINE,BLOCK_WARDROBE_SATURATION,,consideration,,,youtube,high,4,5,"I already have one, which I have been using for more than a year",True
yt2_1940,youtube,2025-09-17,none,"Buying 2nd hand items saves you a ton. You don't need the latest and greatest. Phones now a days are too powerful for their own good. I use a Pixel 5 and the 90hz, coupled with good software makes the experience smooth even today. Hell apply it to everything. Only thing I buy brand new is underwear, pants and shoes. Most of my clothes are from flee markets and thrift stores.

Manage your subs as well. Quit Spotify... Get YouTube premium, it comes with YT Music. I'd also suggest using Stremio🏴‍☠️ instead of Netflix, Prime, etc.. Stremio has basically every show and movie there is on planet earth. You just need to know how to configure it. And of course you become a pirate 😂

Last but not the least is to opt out of carrier plans. My  carrier has a prepaid promo that gives you 26gb of data that doesn't expire for less than 10 bucks. You can stretch that out for more than just a month. What I've noticed is that I rarely use my data since if I'm not at home, I'm at the office and both have WiFi... So my basically my monthly data from my previous plan was junk.",https://www.youtube.com/watch?v=0Uj56N1FSNo&lc=UgyBxaTIn9EEizRI9rJ4AaABAg,YES,anti_consumption,advising,,,,discovery,,,,low,1,5,Buying 2nd hand items saves you a ton.,True
yt2_1942,youtube,2025-09-04,none,Adding things to my Amazon wishlist works great cause I forget it and it stays there rather than forgetting it before it shows up 😂,https://www.youtube.com/watch?v=0Uj56N1FSNo&lc=UgxrZS3k8pUQrFgkhOB4AaABAg,YES,anti_consumption,seeking,INTENT_GENUINE,,,saved,,,,medium,1,4,Adding things to my Amazon wishlist works great,True
yt2_1944,youtube,2025-08-30,none,"Lot of people say 30day waiting period is good the provlem are i have tons of wishlist that i have been keep from 1 or even 2 years ago and i just get my first job and spent all the money to fullfill my wishlist and based on my calculation i have to spent 6month of my salary to fullfill the first cluster of my wishlist and another year to fullfill my second cluster of wishlist, and another 2-3years to fullfill my super expensive wishlist, idk if this is “okay” or could be dangerous for my psychological bcs if i use the waiting 30days before buy that just eliminate some cheap uneeded stuff from my list",https://www.youtube.com/watch?v=0Uj56N1FSNo&lc=UgynQ8AEhxJd7j0x8vF4AaABAg,YES,anti_consumption,seeking,INTENT_GENUINE,BLOCK_WARDROBE_SATURATION,,saved,,,,high,4,5,i have to spent 6month of my salary to fullfill the first cluster,True
yt2_1946,youtube,2025-08-16,none,i wait months and then months go by and wait more months lmao,https://www.youtube.com/watch?v=0Uj56N1FSNo&lc=Ugxmd7Udvqdn-dFowFR4AaABAg,YES,anti_consumption,seeking,INTENT_GENUINE,,,saved,,,,low,1,5,i wait months and then months go by,True
yt2_1948,youtube,2025-08-13,none,"I don't buy a lot of things because I actually experience a lot of anxiety buying things, even with things that I know I absolutely need. I would go back and forth, weighing the pros and cons for up to month before I make a decision on whether to buy it or not.",https://www.youtube.com/watch?v=0Uj56N1FSNo&lc=UgxNZSR8_Vvdt4OXvA14AaABAg,YES,anti_consumption,seeking,INTENT_GENUINE,BLOCK_DURABILITY_VALUE,,consideration,,,,low,3,4,experience a lot of anxiety buying things,True
yt2_1956,youtube,2025-05-30,none,"30 day approach is only good for something expensive, not small things under $100, which can lead to bigger problems cos they all add up. And if they're off sites like amazon that have an easy return/refund policy it's better to buy now after reading people's reviews or if you know yourself that item is usually never that cheap.",https://www.youtube.com/watch?v=0Uj56N1FSNo&lc=Ugwd_C1lJER6pvzZctB4AaABAg,YES,anti_consumption,advising,INTENT_GENUINE,,,consideration,,reviews,,medium,2,4,30 day approach is only good for something expensive,True
yt2_1958,youtube,2025-05-26,none,I make so much money by putting stuff in an online shopping cart and emptying it after realizing I have survived this far without it,https://www.youtube.com/watch?v=0Uj56N1FSNo&lc=UgzWbybQWQDAoPZy-Pt4AaABAg,YES,anti_consumption,seeking,INTENT_SIMULATED_OWNERSHIP,BLOCK_WARDROBE_SATURATION,,saved,,,none,low,2,5,emptying it after realizing I have survived,True
yt2_1962,youtube,2025-05-04,none,"Realize that the feeling of ""buying stuff"", generally doesnt last after the purchase, then onto the NEXT purchase (repeat). I think once people realize this cycle, and the fact that you accumulate a ton of crap in the process, and that crap can become overwhelming.
I now prefer to enjoy objects from the sidelines, letting others spend their money, and ""taking the hit"".",https://www.youtube.com/watch?v=0Uj56N1FSNo&lc=Ugz7cwnDGZGSkbW2Dl14AaABAg,YES,anti_consumption,advising,,,,discovery,,,,low,3,5,accumulate a ton of crap in the process,True
yt2_1972,youtube,2025-03-10,none,I have a 3-5 year waiting period for an iphone 😂,https://www.youtube.com/watch?v=0Uj56N1FSNo&lc=Ugx-ptY69TfpXQ8Y-Xh4AaABAg,YES,anti_consumption,seeking,INTENT_GENUINE,BLOCK_WARDROBE_SATURATION,,saved,,,none,low,1,4,I have a 3-5 year waiting period,True
yt2_1974,youtube,2025-03-09,none,"I bought something unnecessary recently. But, as fate would have it, I mistakenly sent it to my University, which I am away from for spring break. In that time I realized I didn't need it. Tomorrow, before class, I will pick it up, take it to Fedex and send it back without even opening it.",https://www.youtube.com/watch?v=0Uj56N1FSNo&lc=UgxlFimaGb-uaTjX1NF4AaABAg,YES,anti_consumption,seeking,,BLOCK_ANTICIPATED_NONUSE,,post_purchase,,,none,low,3,5,In that time I realized I didn't need it,True
yt2_1975,youtube,2025-03-07,none,I usually ask myself do I really want this or do I want to put this towards my investments instead being paid back this amount many times.,https://www.youtube.com/watch?v=0Uj56N1FSNo&lc=UgxT2ArIhmtWF9XamWF4AaABAg,YES,anti_consumption,seeking,INTENT_GENUINE,BLOCK_WARDROBE_SATURATION,,consideration,,,none,medium,3,5,do I really want this or do I want to put this towards my investments,True
yt2_1977,youtube,2025-02-18,none,"In my experience, starting a new hobby causes you to spend more money, not less. You're effectively opening up an entire new category of gear that is appealing to you.",https://www.youtube.com/watch?v=0Uj56N1FSNo&lc=UgyPqYgGo6TVn1xGAHB4AaABAg,YES,anti_consumption,advising,,,,discovery,,,,low,2,5,starting a new hobby causes you to spend more money,True
yt2_1982,youtube,2025-02-05,none,"I can strongly relate to spending randomly when I am bored and not keeping myself busy.

For some reason I end up scrolling through Amazon looking at random things that I would never even need to buy, just because I’m bored? How does that even happen??

It’s something I am working on",https://www.youtube.com/watch?v=0Uj56N1FSNo&lc=Ugzd5EaBkWH9DwqqF4J4AaABAg,YES,anti_consumption,seeking,INTENT_SIMULATED_OWNERSHIP,BLOCK_ANTICIPATED_NONUSE,,discovery,,,none,low,3,5,random things that I would never even need to buy,True
yt2_1983,youtube,2025-01-22,none,so i thought this is about impulse buying lol and the first tip i get is to wait 30 days before i decide to purchase damn my impulsivity went away stupid sht,https://www.youtube.com/watch?v=0Uj56N1FSNo&lc=UgxNZ2UX1GQHBV9Jk1p4AaABAg,YES,anti_consumption,seeking,INTENT_GENUINE,,,consideration,,,none,high,3,4,wait 30 days before i decide to purchase,True
yt2_1987,youtube,2025-01-17,none,4 years now and i still wanna buy it. I just can't justify it to myself,https://www.youtube.com/watch?v=0Uj56N1FSNo&lc=Ugw1ifFLgpQgJfZUyTx4AaABAg,YES,anti_consumption,seeking,INTENT_GENUINE,BLOCK_DURABILITY_VALUE,,saved,,durability,none,medium,4,5,i still wanna buy it. I just can't justify it,True
yt2_1991,youtube,2024-12-15,none,"I defaulted on my consumer debt, so I can't use credit cards at all anymore. I have to buy what I only need and wait for a while at that. I do end up not getting certain things in the end because I didn't end up needing them, after all. Maybe it's a blessing in disguise!",https://www.youtube.com/watch?v=0Uj56N1FSNo&lc=UgzmVsed9p8AYu5GMth4AaABAg,YES,anti_consumption,seeking,INTENT_GENUINE,BLOCK_WARDROBE_SATURATION,,consideration,,,none,low,4,5,I have to buy what I only need,True
yt2_1996,youtube,2024-12-03,none,I am doing a no amazon spending challenge in December … wish me luck,https://www.youtube.com/watch?v=0Uj56N1FSNo&lc=UgxC3ESZv0xt42CYYP54AaABAg,YES,anti_consumption,seeking,INTENT_GENUINE,BLOCK_WARDROBE_SATURATION,,consideration,,,none,low,3,5,I am doing a no amazon spending challenge,True
yt2_1999,youtube,2024-11-27,none,"The market has done the work for me. I’ve always had an inclination to get the latest gadget or phone, simply because they used to be much better than the previous versions. However, nowadays, I feel like the user experience gets worse with every ""new"" generation—not just in tech. Occasionally, a good product comes along, like a shoe company that finally creates truly wide, toe-box-friendly shoes designed for human feet. But then that company gets merged with some conglomerate, and suddenly the quality worsens overnight. The creators of the company make a quick buck from the selling of the company, but their customers are left with a diminished experience. Altra, listen to this message.",https://www.youtube.com/watch?v=0Uj56N1FSNo&lc=UgzEed4Q1ClfdlibyOh4AaABAg,YES,anti_consumption,seeking,INTENT_GENUINE,BLOCK_DURABILITY_VALUE,,consideration,,durability,none,low,4,5,suddenly the quality worsens overnight,True
yt2_2000,youtube,2024-11-27,none,"Very interesting philosophy, I need to buy a book about this.",https://www.youtube.com/watch?v=0Uj56N1FSNo&lc=Ugy30OryKw9IMH-eCBl4AaABAg,YES,anti_consumption,seeking,INTENT_GENUINE,,,discovery,,,none,high,2,5,I need to buy a book about this.,True
yt2_2001,youtube,2024-11-20,none,i need to charge my controller but my cable broke cons of buying it -10$ pros use controller that i spent money on and get better at a game becouse i use a controller should i buy it?,https://www.youtube.com/watch?v=0Uj56N1FSNo&lc=UgzDQTIZYjOUOXWkQmN4AaABAg,YES,anti_consumption,seeking,INTENT_GENUINE,BLOCK_CHOICE_COMPARISON,,decision,should i buy it?,alternatives,none,high,3,5,,False
yt2_2005,youtube,2024-11-17,none,Is it okay to spend money on finance and money management books. please help 😊,https://www.youtube.com/watch?v=0Uj56N1FSNo&lc=UgyFKG2_ain_vG9zd0t4AaABAg,YES,anti_consumption,seeking,INTENT_GENUINE,,,consideration,Is it okay to spend money on finance,,friends,medium,3,5,Is it okay to spend money on finance,True
yt2_2009,youtube,2024-11-14,none,im trying to save for a monitor and im buying stupid shi everytime i get money,https://www.youtube.com/watch?v=0Uj56N1FSNo&lc=UgxILB5uzCDzUHOj4rh4AaABAg,YES,anti_consumption,seeking,INTENT_GENUINE,BLOCK_WARDROBE_SATURATION,,saved,,,none,medium,4,5,im trying to save for a monitor and im buying stupid shi,True
yt2_2013,youtube,2024-11-12,none,YouTube algorithm called me out with this video 😅 I will use the tips to avoid impulse purchases. Thank you!,https://www.youtube.com/watch?v=0Uj56N1FSNo&lc=UgzyuKZJ_iy2WValNzt4AaABAg,YES,anti_consumption,seeking,INTENT_GENUINE,,,discovery,,,none,low,2,4,I will use the tips to avoid impulse purchases,True
yt2_2014,youtube,2024-11-10,none,"Вопрос с бездумными покупками остается актуальным не только для Америки, но и для стран СНГ. Мы также боремся с необдуманными покупками, и ваше видео очень помогло мне собраться с мыслями и понять что я хочу🙏🏼",https://www.youtube.com/watch?v=0Uj56N1FSNo&lc=UgzucfXdVICwKl32Rdp4AaABAg,YES,anti_consumption,seeking,INTENT_GENUINE,,,discovery,,,none,low,1,4,ваше видео очень помогло мне собраться с мыслями,True
yt2_2019,youtube,2024-11-05,none,I been thinking of buying a brand new zippo Armor chrome finish im not a smoker but i really want it,https://www.youtube.com/watch?v=0Uj56N1FSNo&lc=UgzRkxxAZ6S7MSaGWcN4AaABAg,YES,anti_consumption,seeking,INTENT_GENUINE,BLOCK_ANTICIPATED_NONUSE,,consideration,,,none,medium,3,5,im not a smoker but i really want it,True
yt2_2021,youtube,2024-11-04,none,Off the subject but what is the name of the plants that have slits or holes in them? So beautiful! Thanks. Great tips. I’m trying hard not to spend and save. Not wanting anything. I got too much already.,https://www.youtube.com/watch?v=0Uj56N1FSNo&lc=UgyVvmhzMoB8-_kGQ654AaABAg,YES,anti_consumption,seeking,INTENT_GENUINE,BLOCK_WARDROBE_SATURATION,,consideration,,,none,low,3,5,I’m trying hard not to spend and save.,True
yt2_2023,youtube,2024-11-02,none,Damn! I searched for this video to avoid spending money on a  newly found expensive hobby temptations (FPV basically) and he says find a hobby! LMAO,https://www.youtube.com/watch?v=0Uj56N1FSNo&lc=UgzSe1lVo1B1eZvU3NV4AaABAg,YES,anti_consumption,seeking,INTENT_GENUINE,BLOCK_WARDROBE_SATURATION,,consideration,,,none,medium,2,5,avoid spending money on a newly found expensive hobby,True
yt2_2024,youtube,2024-11-01,none,"the waiting period is king. After that, you don´t need the pros and cons. Mostly, the desire to want or need stuff is gone. That shows, it was the ego who wanted it. Why? That´s the question! Lack.",https://www.youtube.com/watch?v=0Uj56N1FSNo&lc=UgzDJtKmkybabDknn-V4AaABAg,YES,anti_consumption,advising,,,,discovery,,,,low,1,5,the waiting period is king,True
yt2_2030,youtube,2024-10-27,none,"My hack is to buy the cheap knockoff version of valuable items and to see if I still want the expensive ones later on. Mostly I just want the design and joy of getting it, which knockoffs give me aswell.",https://www.youtube.com/watch?v=0Uj56N1FSNo&lc=Ugwk9qwLwrkqFQ6h3HN4AaABAg,YES,anti_consumption,advising,,,,discovery,,,,low,1,5,My hack is to buy the cheap knockoff,True
yt2_2033,youtube,2024-10-21,none,Thanks! I’ve been considering buying a vr headset but i don’t know if i really should. This video helped me a lot and i will wait until at least the new year before buying it if i really want it!,https://www.youtube.com/watch?v=0Uj56N1FSNo&lc=UgzCR0qxSnIhPb9BseF4AaABAg,YES,anti_consumption,seeking,INTENT_PRICE_WATCH,,,saved,,,none,low,2,5,i will wait until at least the new year,True
yt2_2038,youtube,2024-10-10,none,"Man I've heard about those wallets before, are they good quality for the price?🤨",https://www.youtube.com/watch?v=0Uj56N1FSNo&lc=UgyB81nzqvhY9ZU1mBR4AaABAg.A9Ojqr4LJHLA9OrUOh7RZE,YES,anti_consumption,seeking,INTENT_GENUINE,BLOCK_DURABILITY_VALUE,,consideration,are they good quality for the price?,durability,none,medium,3,5,are they good quality for the price?,True
yt2_2043,youtube,2024-10-04,none,i see that TimeX Expedition Scout :D what strap do you have it on? Looks so good on it,https://www.youtube.com/watch?v=0Uj56N1FSNo&lc=Ugxs7iEBPTRom6yR4Nl4AaABAg,YES,anti_consumption,seeking,INTENT_GENUINE,BLOCK_LISTING_INCOMPLETE,,discovery,what strap do you have it on?,styling,none,high,2,5,what strap do you have it on?,True
yt2_2047,youtube,2024-09-26,none,I just save basically everything I don’t need and put it in bonds so I can’t use it.,https://www.youtube.com/watch?v=0Uj56N1FSNo&lc=UgyuB5WIojlJLyUZxT14AaABAg,YES,anti_consumption,advising,,,,discovery,,,,low,1,5,I just save basically everything I don’t need,True
yt2_2048,youtube,2024-09-25,none,Id wait for years ..bc items will depreciate in price 😂😂😂,https://www.youtube.com/watch?v=0Uj56N1FSNo&lc=Ugylvu8Moj2dsmG1Mc94AaABAg,YES,anti_consumption,advising,,,,discovery,,,,low,1,5,Id wait for years,True
yt2_2050,youtube,2024-09-22,none,i once waited 1.5 years to ensure i wanted something - waiting really works. 30 days might not be enough though.,https://www.youtube.com/watch?v=0Uj56N1FSNo&lc=Ugy8sELY5xC-acTJYV54AaABAg,YES,anti_consumption,advising,,,,discovery,,,,low,1,5,waiting really works,True
yt2_2051,youtube,2024-09-21,none,"I'm a Designer and for the past months I've been impulsively purchasing things... Things that I purchase are mostly things to do with my work eg. camera, laptop etc. I don't know if the things that I purchase or going to purchase is something that I 'want' or 'need'. Also it is very true, the YouTube videos are such a pain in the butt. Every time I'm searching for something for instance, a camera. All the videos on my YouTube home page is about them...",https://www.youtube.com/watch?v=0Uj56N1FSNo&lc=UgwVY3fCSiy7nwfsIAl4AaABAg,YES,anti_consumption,seeking,INTENT_GENUINE,BLOCK_ANTICIPATED_NONUSE,,consideration,I don't know if the things that I purchase or going to purchase is something that I 'want' or 'need',,youtube,medium,3,5,I don't know if the things that I purchase or going to purchase is something that I 'want' or 'need',True
yt2_2052,youtube,2024-09-19,none,How do we feel about decorative things? like a nice led lamp type of things or wax melter/diffuser?,https://www.youtube.com/watch?v=0Uj56N1FSNo&lc=UgweAcFfL2pa7P0zs7R4AaABAg,YES,anti_consumption,seeking,INTENT_GENUINE,BLOCK_STYLING,,discovery,How do we feel about decorative things?,styling,none,low,2,4,How do we feel about decorative things?,True
yt2_2053,youtube,2024-09-16,none,so one issue i have right now is there is something i am interested in buying and while i can afford it and not just techically like money wise i have the money to buy it and have plenty of money left over i also feel like i am not sure i should buy it as that money could be used for something else or just general saving. now my biggest issue is idk how long what i want to buy will be aviable to purchase.,https://www.youtube.com/watch?v=0Uj56N1FSNo&lc=Ugy2mWZLKQNbs9rRyTd4AaABAg,YES,anti_consumption,seeking,INTENT_GENUINE,BLOCK_WARDROBE_SATURATION,,consideration,not sure i should buy it as that money could be used for something else,,none,high,4,5,not sure i should buy it as that money could be used for something else,True
yt2_2054,youtube,2024-09-15,none,The waiting to make a purchase is effective. What i do is i make my amazon cart and not complete the checkout till the following month. Usually by then the items on the cart have reduced and i do this once a month. Whereas before i would buy non stop on a whim,https://www.youtube.com/watch?v=0Uj56N1FSNo&lc=UgwklZ78t5KkuAcbPN54AaABAg,YES,anti_consumption,advising,,,,discovery,,,,low,1,5,What i do is i make my amazon cart and not complete the checkout till the following month,True
yt2_2059,youtube,2024-08-28,none,"I read the book ""psychology of money"", this was discussed in the book and the author suggest that you can consider to spend on something but whether it is justifiable is to try to put the same amount of money into an investment or saving. Say if you want to spend something that cost $500, you can go ahead to buy and at the same time, put the same amount into your investment.",https://www.youtube.com/watch?v=0Uj56N1FSNo&lc=UgzCGRMIorCTCHnS1e94AaABAg,YES,anti_consumption,advising,,,,discovery,,,,low,1,5,whether it is justifiable is to try to put the same amount of money into an investment or saving.,True
yt2_2060,youtube,2024-08-25,none,"Great video , I personally still choose to buy whatever I find needed to but yeah this is helpful advice. not everyone needs to buy decor or fashion items of all kinds or spend on things you might otherwise not need. I also reduce money on those place but I might again do it if I find it fun. I like saving money but not so much if it's making my life kind of boring. But this is right way of minimalism than buying "" black and white "" stuff extra for minimalism stuff..",https://www.youtube.com/watch?v=0Uj56N1FSNo&lc=UgzF3VQ25p6Q5codSvl4AaABAg,YES,anti_consumption,advising,,,,discovery,,,,low,1,5,I personally still choose to buy whatever I find needed to,True
yt2_2065,youtube,2024-08-20,none,"I had a coworker that earning 4 times more than me, but every paid day he lost all at once. For me the best method to not spending money is looking at him.",https://www.youtube.com/watch?v=0Uj56N1FSNo&lc=UgzeX4OkExnDxllQIxF4AaABAg,YES,anti_consumption,advising,,,,discovery,,,,low,1,5,For me the best method to not spending money is looking at him.,True
yt2_2069,youtube,2024-08-14,none,"1. Have no more than the budgeted expenses until your next pay in your bank account at anytime and invest the difference. 

2. Keep a 6 month emergency fund in an account which can take at least 3 days to get to or some effort to get to.

3. Give yourself at least 30 days to make major purchases. 

4. Try to make your existing stuff last as long as possible even if it means spending money to keep it running. E.g, a car with a faulty engine. You know if you get a new engine or repair it, it will last longer compared to getting another used car and god knows when the check engine light will come on in that after you buy it. 

5. Avoid buying something yourself when you have a cheaper alternative. E.g, taking public transport. This not only is a cheaper mode of transport, you'll laso prirotize moving closer to work and not to mention the amount of effort it will take to going to the mall and other places where you impulse spend.

6. Have a hobby or even better, a part time job. You won't have time to spend money and with a part time job, you will make money.",https://www.youtube.com/watch?v=0Uj56N1FSNo&lc=Ugy01qeWM2Q7odMLOHd4AaABAg,YES,anti_consumption,advising,,,,discovery,,,,low,1,5,Have no more than the budgeted expenses,True
yt2_2070,youtube,2024-08-13,none,Don’t get me wrong I recently turned 18 and it’s not like I make money or I’m rich or anything it’s just that there is always so much stuff on my want list or to buy list but it’s been there for so long to the point that I don’t even want it anymore I just deleted like 40 items off of the list 😂💀👍,https://www.youtube.com/watch?v=0Uj56N1FSNo&lc=UgzAgjJvaL5UGhWX5ft4AaABAg,YES,anti_consumption,seeking,INTENT_GENUINE,BLOCK_WARDROBE_SATURATION,,saved,,,none,low,3,5,I don’t even want it anymore I just deleted like 40 items,True
yt2_2072,youtube,2024-08-11,none,"I do body weight training as a hobby- one benefit of this type of training is the simplicity of not needing to spend on a gym membership- but if you are not careful the equipment for home training can get overly complicated- although I have the simplest setup now which allows training in a complete and balanced manner for the body, I still review bodyweight equipment hoping to find ways to simplify my training further. This sounds absolutely bonkers and counterproductive of what it means to simplify things but it seems to be a common thread in the process of simplicity- can we simplify further with tools that can do more than one job so you may dispose or sell off the single job item. - employing the 30 day wait technique helps tremendously as usually by 2 weeks I realize the item I think I may need is really a desire for something new.I agree social media and the internet make it difficult to bypass consumer messages to make new purchases if we are not thoughtful.",https://www.youtube.com/watch?v=0Uj56N1FSNo&lc=Ugzrh6Iffa6r9vEULD14AaABAg,YES,anti_consumption,seeking,INTENT_GENUINE,BLOCK_ANTICIPATED_NONUSE,,consideration,,,internet,low,2,5,the item I think I may need is really a desire for something new.,True
yt2_2073,youtube,2024-08-11,none,"Just the video I needed to see. I just moved into my apartment and have been furnishing it each week . Before my next check even comes , I always manage to have a full shopping cart on amazon ready to checkout soon as my direct deposit hits . Smh",https://www.youtube.com/watch?v=0Uj56N1FSNo&lc=UgwYG2v3eeoO9m7h3754AaABAg,YES,anti_consumption,seeking,INTENT_GENUINE,BLOCK_WARDROBE_SATURATION,,cart,,,none,high,3,5,always manage to have a full shopping cart on amazon ready to checkout,True
yt2_2074,youtube,2024-08-10,none,"Waiting period should be 1 week. 1 month means you really would benefit from it, you temptation is only growing and the regret of you missing out on it for 1 month is also growing.",https://www.youtube.com/watch?v=0Uj56N1FSNo&lc=UgwmU0hez3DyxIctdZ14AaABAg,YES,anti_consumption,advising,,,,consideration,,,,low,1,5,Waiting period should be 1 week.,True
yt2_2077,youtube,2024-08-04,none,"When I want to buy a new gaming PC, I will always wait it out.
I am currently using an Intel Pentium 4 CPU with a GeForce 6200 GPU.

I have been waiting since 2004...",https://www.youtube.com/watch?v=0Uj56N1FSNo&lc=UgwP1DrZIRbn-GZPymN4AaABAg,YES,anti_consumption,seeking,INTENT_PRICE_WATCH,,,saved,,,,low,1,5,I have been waiting since 2004...,True
yt2_2080,youtube,2024-07-28,none,Bookmarking this video for when im done buying the next cool thing,https://www.youtube.com/watch?v=0Uj56N1FSNo&lc=UgzQmt7HZwC9-Xv6sgF4AaABAg,YES,anti_consumption,seeking,INTENT_GENUINE,,,saved,,,,medium,1,5,Bookmarking this video,True
yt2_2088,youtube,2024-07-15,none,"I may also suggest: 
1. Think about environmental impact
2. Wait until better product/new version is available
3. Find yourself not necessarily hobby, but something (someone) which will be refilling your happiness. Instead of shopping.
4. Think about extra home space occupied by new thing. Probably not a problem for US, huge problem for apartments.",https://www.youtube.com/watch?v=0Uj56N1FSNo&lc=Ugx2svANa7FQn8Y_Bed4AaABAg,YES,anti_consumption,advising,,,,consideration,,,,low,1,5,Think about environmental impact,True
yt2_2089,youtube,2024-07-13,none,"luckily I grew up without much money, so everytime I had to buy something it felt like a herculean task, I needed pros and cons, good reasons, research for best price to quality ration and for the best discounts and other things, basically if I didn't have a list of good reasons and opportunities I couldn't buy anything that wasn't necessary.
this gives me a sense of dread everytime I have to buy something, so unless its necessary I don't buy it.
and if I really want it I have to do a lot of research and than buy the best option.
I do such in depth research before buying even clothes that people just think I got mental problems or I'm just too mechanical to be human...
I just hate wasting money for something that doesn't offer quality (like brands) and even if this only effects me people seem to get offended by it",https://www.youtube.com/watch?v=0Uj56N1FSNo&lc=Ugw2A5tPjsE7kr-SgVR4AaABAg,YES,anti_consumption,seeking,INTENT_GENUINE,BLOCK_DURABILITY_VALUE,,consideration,,durability,none,low,3,5,i just hate wasting money for something that doesn't offer quality,True
yt2_2093,youtube,2024-07-09,none,I’ve been addicted to knowing I have something on the way. Order a pair of shoes it’ll get here I’ll wear it out. By the time it hits midnight I already either bought another shoe or am in the process of bargaining.,https://www.youtube.com/watch?v=0Uj56N1FSNo&lc=Ugz_JUoIoZQcl7-wFBV4AaABAg,YES,anti_consumption,seeking,INTENT_GENUINE,BLOCK_WARDROBE_SATURATION,,cart,,,,high,4,5,By the time it hits midnight I already either bought another shoe,True
yt2_2100,youtube,2024-07-03,none,"Great video. For me, whenever I have the itch to purchase something, I’ll just add it to my Amazon basket and set aside a day (Fridays) to buy or delete whatever’s in there. Usually ends up being the latter…",https://www.youtube.com/watch?v=0Uj56N1FSNo&lc=UgyQnA3bNkWLwnz3zZd4AaABAg,YES,anti_consumption,seeking,INTENT_PRICE_WATCH,,,saved,,,,low,1,5,add it to my Amazon basket and set aside a day,True
yt2_2101,youtube,2024-07-03,none,"I always Bookmark things I want. Then, I see if I want it anymore after a while. 99.99% of the time, I've forgotten about it, so off the list it goes! lol. I save SO much money that way, never mind just being disciplined AF in general (some people say TOO disciplined, but at least I have a lot of money in the bank, espec compared to others my age)! lol.

I don't have any social media, and I don't get any ads via email 'cause I just am very careful about what goes to my email in the first place, lol. My hobbies I have are free, too (well, besides internet fees, yk, lol)! Reading's free, writing's free, I pirate all my media! Only hobby I spend money on video games, and I wait for the DEEP sales, so barely spend anything! lol.

Everything that doesn't go to my parents goes straight to the bank! I LOVE watching my savings grow, so I do my best to make sure that it grows all the time! (Plus, my mom is a hoarder, and I DO NOT want to be like that, so I don't believe in overbuying crap I don't need! X'D)",https://www.youtube.com/watch?v=0Uj56N1FSNo&lc=UgxAiz2URbV0j7UD1I14AaABAg,YES,anti_consumption,seeking,INTENT_GENUINE,,,saved,,,,low,1,5,I always Bookmark things I want.,True
yt2_2110,youtube,2024-06-27,none,"My very first thought is ""how long have i gone in my life without it? Cool i can go a little longer"" then i just forget it and it stays in my amazon wishlist",https://www.youtube.com/watch?v=0Uj56N1FSNo&lc=UgxI5BetMRB46VDNjwp4AaABAg,YES,anti_consumption,seeking,INTENT_GENUINE,,,saved,,,,low,1,5,it stays in my amazon wishlist,True
yt2_2111,youtube,2024-06-22,none,Cool down / wait periods really help. Set a threshold (e.g. $500) and force yourself to wait 10+ days before making the purchase. See how often during those 10+ days you find yourself wanting/missing the thing you want to buy.,https://www.youtube.com/watch?v=0Uj56N1FSNo&lc=Ugz0FvQ_78bwM6lKgr14AaABAg,YES,anti_consumption,advising,,,,consideration,,,,low,1,5,Cool down / wait periods really help.,True
yt2_2118,youtube,2024-06-10,none,"I'm a sneakerhead, so I spend too much money, lol. Last year I spent around 4k in sneakers because I kept paying for resale. This year, in order to save money, I told myself to only go for retail. And if I wasn't able to get them, then oh well. I've been saving a lot of money because of that, lol.",https://www.youtube.com/watch?v=0Uj56N1FSNo&lc=Ugz1553JLLq_sQlKwNR4AaABAg,YES,anti_consumption,seeking,INTENT_ACQUISITION_WATCH,,,consideration,,,,medium,2,5,told myself to only go for retail.,True
yt2_2119,youtube,2024-06-09,none,"I'm currently implementing a no buy month every other month. 

June (now) is a no buy month, so I don't even entertain the idea of buying anything other than essentials. If an urge arises, I say oh well and just go on with my life, and by next month I'll likely have forgotten about it. But then don't I just overspend on the months when I *can* buy nonessentials? Not really. If anything, all the practice I get not buying things helps me remember that I don't actually need much to be perfectly content.",https://www.youtube.com/watch?v=0Uj56N1FSNo&lc=UgyupHJTqm61_kkxcvN4AaABAg,YES,anti_consumption,seeking,INTENT_GENUINE,BLOCK_WARDROBE_SATURATION,,consideration,,,,low,2,5,I'm currently implementing a no buy month every other month.,True
yt2_2125,youtube,2024-05-29,none,"My struggle with step 1 is when an item I want has a good discount. I feel this urgency to ""buy it now"" or else I'll pay a worse price if I wait 30 days for example. Any suggestions in that regard? Thanks for the video.",https://www.youtube.com/watch?v=0Uj56N1FSNo&lc=UgwUpPInUPQjkVHExmF4AaABAg,YES,anti_consumption,seeking,INTENT_PRICE_WATCH,,,consideration,How to handle items with a good discount during a waiting period?,,,high,3,5,My struggle with step 1 is when an item I want has a good discount.,True
yt2_2128,youtube,2024-05-25,none,I heard so many good things about “waiting it out” by creating a wishlist. But somehow the longer I wait the more I want it. It’s as if the waiting period enhanced my desire to finally make the purchase. Sigh …,https://www.youtube.com/watch?v=0Uj56N1FSNo&lc=Ugw_PeEGM-TZQYG1uhh4AaABAg,YES,anti_consumption,seeking,INTENT_GENUINE,,,saved,,,,high,3,5,somehow the longer I wait the more I want it.,True
yt2_2129,youtube,2024-05-20,none,I’m going to start using cash again because it’s just too easy to spend money online/on my phone,https://www.youtube.com/watch?v=0Uj56N1FSNo&lc=UgwjewkHjYgM79_38BB4AaABAg,YES,anti_consumption,seeking,INTENT_GENUINE,,,consideration,,,,medium,2,5,I’m going to start using cash again,True
yt2_2137,youtube,2024-05-13,none,23 days left until I will propably order my Pizza,https://www.youtube.com/watch?v=0Uj56N1FSNo&lc=UgwcpDAHYn-GS42jXZh4AaABAg,YES,anti_consumption,seeking,INTENT_GENUINE,,,decision,,,,high,1,5,23 days left until I will propably order my Pizza,True
yt2_2141,youtube,2024-05-09,none,I've been wanting to buy a Seiko for the past 3 months. Definitely gonna buy it now,https://www.youtube.com/watch?v=0Uj56N1FSNo&lc=Ugwgy8zAYyymf2UimJV4AaABAg,YES,anti_consumption,seeking,INTENT_GENUINE,,,decision,,,,high,1,5,Definitely gonna buy it now,True
yt2_2143,youtube,2024-05-06,none,"Watch out for hobby spending. It’s really easy to get consumed by the desire to wanting to get deeper into your hobby. Even if it’s just running, you have shoes, clothing that fits the season, different watches that track your fitness and health. Sometimes hobbies can just replace the original buying problem with something else. Tends to be a big focus for me. Your hobbies end up being the only thing you look forward to but with limited time you to do them you just end up purchasing and ruminating over things that will elevate your hobbies experience.",https://www.youtube.com/watch?v=0Uj56N1FSNo&lc=UgwsSwcdz4J7bA0q-LB4AaABAg,YES,anti_consumption,advising,,,,consideration,,,,low,2,5,Watch out for hobby spending.,True
yt2_2144,youtube,2024-05-06,none,I saw that card wallet and wanted to buy it,https://www.youtube.com/watch?v=0Uj56N1FSNo&lc=Ugyicb_i52BoOOtghMx4AaABAg,YES,anti_consumption,seeking,INTENT_GENUINE,,,discovery,,,,medium,1,5,I saw that card wallet and wanted to buy it,True
yt2_2145,youtube,2024-05-03,none,"I made a thing: 

WEREAS

W: waiting period of 30 days before purchased. No rush. 
E: evaluate pros and cons
R: Remove temptations
E: Emerse yourself in a hobby, goal or task. 
A: affordable options instead 
S: Saving goals. Consider what you’re saving for",https://www.youtube.com/watch?v=0Uj56N1FSNo&lc=Ugz-BW7dHnAVoB6qwn54AaABAg,YES,anti_consumption,advising,,,,consideration,,,,low,1,5,I made a thing,True
yt2_2147,youtube,2024-05-01,none,"If there is something I want after 30 days, and it’s on my mind. I look at what I need to sacrifice to get it. It’s a give and take. I want something, sell something I don’t use or make a trade is how I’ve been getting through it.",https://www.youtube.com/watch?v=0Uj56N1FSNo&lc=UgzqiYdwTh2IDwGSvRN4AaABAg,YES,anti_consumption,seeking,INTENT_GENUINE,BLOCK_WARDROBE_SATURATION,,consideration,,,none,medium,3,5,sell something I don’t use or make a trade,True
yt2_2148,youtube,2024-05-01,none,How can I stop buying one more rolex and  renew my lg oled to never model? Ahh it's annoying.,https://www.youtube.com/watch?v=0Uj56N1FSNo&lc=UgzfB6UMGDr3lJNLh2V4AaABAg,YES,anti_consumption,seeking,INTENT_GENUINE,BLOCK_WARDROBE_SATURATION,,consideration,,,none,low,4,5,How can I stop buying one more rolex,True
yt2_2153,youtube,2024-04-23,none,"I go a bit further I plan to get a new motorcycle end of this year however KTM 390 Adventure and sell my Harley 883 Iron, I have been selling items from my Harley collection of jackets and stuff and the money I been putting into an account my goal is to actually have 30% of the cost plus the trade. I have a vision statement with the reason and the emotional anchor points and the reason for doing this. It’s part of my book and ride from therapy, the catch is I have to have completed 60% of the books before September this year 2024. I have other interests and I have cut spending on them not stopped. So far so this is working. The best quote I have it don’t put material items on pedestals don’t upsell it so much that when you buy it 3 months later you are disappointed. This item won’t change your life, only you can change your life this is just a tool in your collection to create opportunities",https://www.youtube.com/watch?v=0Uj56N1FSNo&lc=Ugy4dgR3j4nRoPjCDN94AaABAg,YES,anti_consumption,seeking,INTENT_GENUINE,BLOCK_CHOICE_COMPARISON,BLOCK_WARDROBE_SATURATION,comparison,,alternatives,none,medium,3,5,,False
yt2_2160,youtube,2024-04-12,none,"Guess what!,,,,, now after watching this video I’ve an urge to buy that watch😢😢😢😢😢",https://www.youtube.com/watch?v=0Uj56N1FSNo&lc=Ugx5qoL7vDtkUgSJFZd4AaABAg,YES,anti_consumption,seeking,INTENT_GENUINE,,,discovery,,,none,high,4,5,after watching this video I’ve an urge to buy,True
yt2_2165,youtube,2026-02-22,none,OMG U TOTALLY JUST SAVED ME FROM BUYING A NEW TOP FOR SPRING BREAK😭(I don’t need clothes for every new event or holiday szn),https://www.youtube.com/watch?v=Zk0m-U8M4BE&lc=UgxUtCR_CtF7s-iy3nZ4AaABAg,YES,anti_consumption,seeking,INTENT_OCCASION,BLOCK_WARDROBE_SATURATION,,discovery,,,none,low,3,5,I don’t need clothes for every new event,True
yt2_2168,youtube,2026-02-20,none,"Hey I just had an idea you'd be great for: what kind of clothes to get that are comfortable when you're pregnant, but still fit when you're not anymore.",https://www.youtube.com/watch?v=Zk0m-U8M4BE&lc=UgzejJjtENbVSrAmIUh4AaABAg,YES,anti_consumption,seeking,INTENT_GENUINE,,,discovery,what kind of clothes to get that are comfortable when you're pregnant,styling,creator,medium,3,5,what kind of clothes to get that are comfortable,True
yt2_2169,youtube,2026-02-20,none,"Last year I bought 2 articles on clothing online and I was happy with both. The thing about liking, but not buying...there are 2 pieces of jewelry that I honestly *really* wanted and the price wasn't bad, but I let them get away!! Now I am forever searching for something similar, sigh. Will I ever learn? 
I made a rule for myself, but I have not actually followed it--BUT it does prevent me from overbuying. The rule is, don't thrift something new until you've worn the last things you thrifted. Ha. I still have things I bought last year that I have never worn.",https://www.youtube.com/watch?v=Zk0m-U8M4BE&lc=UgxBvdYN7aEpdgO6vY54AaABAg,YES,anti_consumption,seeking,INTENT_GENUINE,BLOCK_WARDROBE_SATURATION,,saved,,,thrift,medium,3,5,,False
yt2_2177,youtube,2026-02-19,none,"I have been making a running list of things I need/really want (maxi dresses, a long cardigan, bras, etc) and then when I’m shopping it narrows my focus and then I only get it if I really life the fit, quality, materials, colors, etc, I buy it and I don’t feel bad",https://www.youtube.com/watch?v=Zk0m-U8M4BE&lc=UgxZLCpjoJHLR6vFwH54AaABAg,YES,anti_consumption,seeking,INTENT_GENUINE,,,consideration,,fit,none,high,2,5,making a running list of things I need/really want,True
yt2_2178,youtube,2026-02-19,none,ive been burned recently with online shopping. I've bought like 4 pairs of shoes that aren't quite perfect enough and the sizing is a little off or they're just too uncomfy.,https://www.youtube.com/watch?v=Zk0m-U8M4BE&lc=UgxGl_RvTKzL-_BSMd94AaABAg,YES,anti_consumption,seeking,INTENT_GENUINE,BLOCK_FABRIC_QUALITY,BLOCK_SIZE_SELECTION,post_purchase,,size,none,low,4,5,ive been burned recently with online shopping,True
yt2_2181,youtube,2026-02-19,none,"I agree that it isn't effective if you have an overconsumption problem, but my Pinterest boards help me combat buyer's remorse by showing me the pinnacle of what I like, so I can recognize that the other stuff I see online or IRL doesn't measure up. I buy a lot less when I know exactly what I'm looking for (and my closet is pretty small as a result)",https://www.youtube.com/watch?v=Zk0m-U8M4BE&lc=UgyH9wMAXbWyMZJwGl94AaABAg.ATQUSBlopAmATQm-TK2P37,YES,anti_consumption,advising,,,,consideration,,,none,low,2,5,my Pinterest boards help me combat buyer's remorse,True
yt2_2183,youtube,2026-04-07,none,"Yes I have a pinterest board called 'personal style' which is looks I absolutely love but just not practical or realistic for me to buy those pieces, and then I have another one called actual wardrobe and I save pins of people wearing stuff I actually own or very similar and get styling inspo. Also if I decide I want something new like a blazer or jumper I pin tons until I'm 1000% sure what vibe I want for it and it does save regrets!! So for me I shop way less because of Pinterest but totally know this won't be the case for everyone",https://www.youtube.com/watch?v=Zk0m-U8M4BE&lc=UgyH9wMAXbWyMZJwGl94AaABAg.ATQUSBlopAmAVIz-rA_aYC,YES,anti_consumption,advising,,,,consideration,,styling,none,low,2,5,pin tons until I'm 1000% sure what vibe,True
yt2_2184,youtube,2026-02-19,none,"I do No buy new clothing for 2026❤.. I am really concious about sustainibility mindset, so it helps me to actually wear and style my closet full of clothes",https://www.youtube.com/watch?v=Zk0m-U8M4BE&lc=UgzJLpthsHoaKyWGMPl4AaABAg,YES,anti_consumption,seeking,INTENT_GENUINE,BLOCK_WARDROBE_SATURATION,,consideration,,,none,low,3,5,I do No buy new clothing for 2026,True
yt2_2190,youtube,2026-02-19,none,Not me closing Depop as I see this video notification.,https://www.youtube.com/watch?v=Zk0m-U8M4BE&lc=UgxeQkDIslJT5jvtx0p4AaABAg,YES,anti_consumption,seeking,INTENT_GENUINE,,,discovery,,,none,low,2,5,Not me closing Depop as I see this video,True
yt2_2193,youtube,2026-02-19,none,"Needed this, thank you! <3 lately what's been helping me not over consume at the thrift is filming ""catch and release"" videos lol.",https://www.youtube.com/watch?v=Zk0m-U8M4BE&lc=Ugwpsca3dZGnzDYrQAl4AaABAg,YES,anti_consumption,seeking,INTENT_GENUINE,,,consideration,,,thrift,low,2,5,,False
yt2_2195,youtube,2026-02-19,none,"The biggest thing that has slowed down my consumption is romanticizing handmade pieces that I can make myself - knits, crochet, and dreaming of my own sewing machine!",https://www.youtube.com/watch?v=Zk0m-U8M4BE&lc=UgySqEXb9TQjiVGptjN4AaABAg,YES,anti_consumption,seeking,INTENT_INSPIRATION,,,discovery,,,none,low,2,5,romanticizing handmade pieces that I can make myself,True
yt2_2200,youtube,2026-02-19,none,@lisechristensen4714thank you!! Always appreciate any style advice ❤️ I’m on the hunt for some cool brooches asap 👀,https://www.youtube.com/watch?v=Zk0m-U8M4BE&lc=Ugw1w-9WnYH6QBSa-ut4AaABAg.ATQ4qm6V0O_ATQJeJVl5Np,YES,anti_consumption,seeking,INTENT_GENUINE,,,discovery,,,creator,high,3,5,I’m on the hunt for some cool brooches asap,True
yt2_2203,youtube,2026-02-19,none,"If it's not 100 percent cotton, or mostly cotton I've started to skip it at stores that aren't thrift. If it's pilled, dirty, or faded at the thrift store I'll put it back.",https://www.youtube.com/watch?v=Zk0m-U8M4BE&lc=Ugz8yS-Rxu9NH1x4loh4AaABAg,YES,anti_consumption,advising,,,,consideration,,fabric,none,low,2,5,,False
yt2_2210,youtube,2026-01-05,none,"I had the intension to buy  a black camisole style piece as soon as the thick winter pieces leave the stores. Then yesterday  evening I realized that I would need two of them: one a bit oversized to be worn  over a white T plus another one in the right size worn under a blazer.  I imagined the situations I would wear these two. As I have a lot of clothes already which I like, these pieces would  have to win the battle against other tops when I would  be standing  in front of my wardrobe. And how would I feel  wearing one of them - not in front of the mirror but in real life. - I came to the conclusion that they would rest in the box together wi5h the black sheer blouse I bought a year ago. I like this blouse and I have a black top to be worn under it - at least there hasn't  been the right day yet. -  No,  I won't  need a black sexy camisole - it's  not me.",https://www.youtube.com/watch?v=aLLo5wgXGDc&lc=UgxJbW11FkUA4sXtUgN4AaABAg,YES,anti_consumption,seeking,INTENT_GENUINE,BLOCK_WARDROBE_SATURATION,BLOCK_STYLING,consideration,would these pieces win the battle against other tops,styling,none,low,3,5,"No, I won't need a black sexy camisole",True
yt2_2212,youtube,2025-11-26,none,"I have learned to stop buying clothes that are dry clean....I will never take them lol. My husband also had a great idea before of outfitting my clothes. So basically most of my clothes were paired up as 'outfits' so I could just grab and go and it did away with random shirt or pant shopping. I strayed from doing that and now my closet is chaotic, so just another tip is outfit your clothes so you know just how you would wear it. I even took pictures on my tablet of certain outfits, with jewelry and shoes too so very few clothing pieces were left on their own and easy to play outtings.",https://www.youtube.com/watch?v=aLLo5wgXGDc&lc=UgwEgz3grM31WXtVyat4AaABAg,YES,anti_consumption,advising,,,,consideration,,styling,none,low,2,5,outfit your clothes so you know just how you would wear it,True
yt2_2218,youtube,2025-10-25,none,I love love the linen pants I bought after seeing your video ( the Everlane ones) I have worn them and love them! How can I wear them in the winter?! I LIVE in gym clothes when I’m not at work so that is what I mostly purchase. Athletic that crosses over to running errands and looking cute to being able to go to lunch with friends. So that is what is in my closet the most.,https://www.youtube.com/watch?v=aLLo5wgXGDc&lc=UgxFXSeTz7UAfvQfDMV4AaABAg,YES,anti_consumption,seeking,INTENT_GENUINE,BLOCK_STYLING,,consideration,How can I wear them in the winter?!,styling,none,medium,3,5,How can I wear them in the winter?!,True
yt2_2220,youtube,2025-10-23,none,"Also, do your hair and makeup when you go clothes shopping. It prevents the ""this will look better when I have makeup on"" rationalizing.  It won't!",https://www.youtube.com/watch?v=aLLo5wgXGDc&lc=UgwiGF6OXcb3dl-7sF54AaABAg,YES,anti_consumption,advising,,,,discovery,,,,low,1,5,,False
yt2_2222,youtube,2025-10-22,none,"I wear glasses too. Takes a while to figure out what works and it’s comfortable. Sorry, but the frames you are wearing are too wide for you and weigh your face down too much. Thanks for the video❤
You know what I keep wanting to wear but never do…flanel plaid shirts! I stopped buying them…until I bought another one this season and now I’m wondering if I’ll wear it.",https://www.youtube.com/watch?v=aLLo5wgXGDc&lc=UgzUo1pHzmPH_5bBiF94AaABAg,YES,anti_consumption,seeking,INTENT_GENUINE,BLOCK_ANTICIPATED_NONUSE,,saved,Will I actually wear this flannel shirt?,styling,,medium,3,4,now I’m wondering if I’ll wear it,True
yt2_2226,youtube,2025-10-18,none,"My closet is the most chaotic part of my life. I buy because at fifty one I’m angry at my body (I was thin until my forties when a hysterectomy and type 1 diabetes diagnosis wrecked me) so I want to look better! I think I want to go back to 35 yr old me and so I buy everything in hopes I’ll look like that hip,sexy, stylish girl. I do buy practical (I’m a high school teacher) and look carefully at fit on model (I’m petite and rectangle) and know what’s failed me in the past. I curate! I’m a bright spring, lol! I research! But I’m still buying too much to obtain the old me. I have crates and crates of clothes and my trunk in filled. 😢😢 looking for the perfect look to make me the vision of myself I hold on my mind. Whew! Btw I too have worn glasses since third grade. I love them AND contacts!",https://www.youtube.com/watch?v=aLLo5wgXGDc&lc=UgyWYoTdgINI47bU7IN4AaABAg,YES,anti_consumption,seeking,INTENT_GENUINE,BLOCK_WARDROBE_SATURATION,BLOCK_ANTICIPATED_NONUSE,consideration,How to stop buying clothes to chase my past appearance?,styling,,high,5,5,buying too much to obtain the old me,True
yt2_2227,youtube,2025-10-18,none,"I’m now 75 look pretty good for my age and I know my body type, colors,have full length mirror etc. but I do look at my closet and it’s frustrating because I go to my closet and say, “I have nothing to wear.” I think it’s because I buy things on sale or inexpensive clothes.  I don’t know where to shop.",https://www.youtube.com/watch?v=aLLo5wgXGDc&lc=UgzoBM9SxKxBz-mvv7R4AaABAg,YES,anti_consumption,seeking,,BLOCK_LISTING_INCOMPLETE,,discovery,Where should I shop?,,,low,3,4,I don’t know where to shop,True
yt2_2235,youtube,2025-10-16,none,Inventory your closet. It reminds me that I have plenty.,https://www.youtube.com/watch?v=aLLo5wgXGDc&lc=UgwjNxB3t4QRV9pm68N4AaABAg,YES,anti_consumption,advising,,,,discovery,,,,low,1,5,Inventory your closet,True
yt2_2237,youtube,2025-10-16,none,I’d rather have one nice thing than a bunch of crap.,https://www.youtube.com/watch?v=aLLo5wgXGDc&lc=Ugzk7GwrMOpF9TiX7NN4AaABAg,YES,anti_consumption,advising,,,,discovery,,,,low,1,5,I’d rather have one nice thing,True
yt2_2238,youtube,2025-10-16,none,"my favorite tips that I am definitely going to be incorporating our fine accessories instead of clothing, I always ignore accessories and this is probably not that smart. And having a list of what to buy and what not to buy.",https://www.youtube.com/watch?v=aLLo5wgXGDc&lc=UgzUB_bUf1ZaBFljsE54AaABAg,YES,anti_consumption,seeking,INTENT_GENUINE,,,discovery,,styling,,medium,2,4,fine accessories instead of clothing,True
yt2_2240,youtube,2025-10-15,none,"Great tips!  I think many of us buy things for a life we don’t have. Once I bought ONLY for my actual life, did the  wardrobe issues vanish. For example, Influencers love suit jackets. Even before I retired, I never actually wore them. The only ones I kept were St John knit jackets ( from the RealReal) for when I want a more elegant look. ( funeral, upscale event).   I also discarded a few dresses that my too-honest son told me were not flattering ( print too big, adds 20 lbs etc).   Did a free AI color analysis and wow, I was wrong all these years! Now when I do buy new pieces I choose those in my season.",https://www.youtube.com/watch?v=aLLo5wgXGDc&lc=Ugwr8IV7Ii7lc_Ljwu94AaABAg,YES,anti_consumption,advising,,,,discovery,,,friends,low,2,4,buy things for a life we don’t have,True
yt2_2242,youtube,2025-10-15,none,"Great advice! I agree on the colours - I have a neutral to warm complexion and look best in soft autumn colours, but the burgundy that is everywhere this season makes me look jaundiced. So I got a burgundy belt, which is nowhere near my face, and I'm stocking up on chocolate brown and soft melon 🙂",https://www.youtube.com/watch?v=aLLo5wgXGDc&lc=UgzG8igjGBKBf1FWaBZ4AaABAg,YES,anti_consumption,advising,INTENT_GENUINE,,,discovery,,styling,,high,1,5,so I got a burgundy belt,True
yt2_2243,youtube,2025-10-14,none,"Great video!  Carol Jackson's Color Me Beautiful book changed my life in the mid 1980s.  I had my ""colors done"" and after learning I was an autumn, I purged my wardrobe and bought only my colors, especially my BATYS (Buy All That You See) colors.  To this day, I still gravitate to autumn colors, but as age grays my hair and softens my skin tone, I am branching out to softer shades.",https://www.youtube.com/watch?v=aLLo5wgXGDc&lc=UgwevVYSKO7ANep3qqZ4AaABAg,YES,anti_consumption,advising,,,,discovery,,,,low,1,5,bought only my colors,True
yt2_2244,youtube,2025-10-14,none,"This was super helpful!!! I love the tip of looking for accessories when in another country or out and shopping. Waiting 24 hours is a helpful hack in all purchases!!! Well done! 

We found a car we liked. We hadn’t done any research on the make or model. The salesman tried to pressure us to buy it right then. I get it. We told him we don’t make these types of purchases under pressure. We sleep on big purchases. Well we did a bit of research and it was WAY over priced. We kept looking and found basically a brand new new car for that same price.",https://www.youtube.com/watch?v=aLLo5wgXGDc&lc=UgzLoTVb1XG3jXnXKk94AaABAg,YES,anti_consumption,advising,,,,discovery,,,google,low,1,5,Waiting 24 hours is a helpful hack,True
yt2_2254,youtube,2025-10-14,none,"Great tips, Anna, especially the 24 hour rule. A good shopping high is one of my favorite things until it becomes buyer's remorse, so I'll be using that rule often.
Thank you!",https://www.youtube.com/watch?v=aLLo5wgXGDc&lc=UgwJqR75JV4QcrvumN14AaABAg,YES,anti_consumption,advising,,,,discovery,,,,low,1,5,A good shopping high,True
yt2_2255,youtube,2025-10-14,none,"White fabrics?  I wear an Apple Watch and if I can see the face when I put my arm under the fabric, i leave it on the rack.",https://www.youtube.com/watch?v=aLLo5wgXGDc&lc=Ugxl9LbraxP9u0BftTZ4AaABAg,YES,anti_consumption,advising,,,,discovery,,fabric,,low,1,5,,False
yt2_2262,youtube,2025-10-13,none,"Sounds like you have boys! 

I loved that you showed your glasses and that you can switch the frames! I already know that they don´t have the right colors for me; they oftentimes only have standard colors that nobody can really wear well. I hope to influence this industry through my work as well, so that eyewear companies focus on colors based on actual human color types that I discovered through my scientific research, and not random colors (or even worse, following the seasonal color analysis).

I recently got my new glasses, and they have an option that your glasses turn into sunglasses outside when the sun is shining and turn back to regular glasses inside. 


Thank you for this video, I loved your tips - many of them are similar to how I got to a more manageable closet without a single piece that I don´t wear. I became very disciplined with my wardrobe, especially because I travel full-time with my kids and can´t carry too much stuff with me, but still want to look elegant, polished, and versatile. 🌸",https://www.youtube.com/watch?v=aLLo5wgXGDc&lc=Ugx6H9cJEx5N_u0BExl4AaABAg,YES,anti_consumption,advising,,,,discovery,,,,low,1,5,eyewear companies focus on colors,True
yt2_2266,youtube,2025-10-13,none,"Ugh I got this absolutely gorgeous dress in Italy. It’s floor length, satin, with exotic flowers all over it. Looks chic but ridiculous. Where the f am I going to wear this? Where? 
At a resort? I have three kids. I run after them most of the time. I also live in Canadian north. 😂 I knew I was wasting money when I got it but I still did it anyway 😂.",https://www.youtube.com/watch?v=aLLo5wgXGDc&lc=UgzFburXiE_hentzBbh4AaABAg,YES,anti_consumption,seeking,INTENT_OCCASION,BLOCK_STYLING,BLOCK_ANTICIPATED_NONUSE,post_purchase,Where can I wear this dress?,styling,,low,4,5,Where the f am I going to wear this?,True
yt2_2267,youtube,2025-10-13,none,"My problem is throwing money at my weight issues.  Two things happen.  If I’m heavier than I want to be, I buy things that might camouflage the extra pounds.  Then, when I get the pounds off, my camouflage clothes camouflage my weight loss, so I’ll buy some things that are more fitted.  The result is an exploding closet that contains 20 pair of jeans that go from size 9 to size 16 and tops from Large to XXL and I almost NEVER like what I actually wear.  I probably need a therapist.  😅",https://www.youtube.com/watch?v=aLLo5wgXGDc&lc=UgzC3FkqQd4D6wbZF1h4AaABAg,YES,anti_consumption,seeking,INTENT_GENUINE,BLOCK_WARDROBE_SATURATION,BLOCK_BODY_PROJECTION,consideration,How to stop buying clothes for fluctuating weight?,size,,medium,4,5,exploding closet that contains 20 pair of jeans,True
yt2_2273,youtube,2026-05-07,none,Is there anyone with this body shape that makes content? I’d love to know because I am short and my hips are the widest part of my body and it can be hard to find something to wear/buy,https://www.youtube.com/watch?v=aLLo5wgXGDc&lc=UgzByWFRkWig6uUrXbx4AaABAg.AODe9QA4IFhAWVPRaShYHj,YES,anti_consumption,seeking,,BLOCK_BODY_PROJECTION,,discovery,Are there content creators with short stature and wide hips?,styling,creator,low,3,5,Is there anyone with this body shape that makes content?,True
yt2_2274,youtube,2025-10-13,none,"I have to do the opposite. I'm 5'2"" - so I know a dress or miniskirt that hits most models mid thigh will hit just above my knees. Cropped tops are usually not cropped. And cropped pants or jeans end up saving me money on tailoring because they are the perfect length.😊",https://www.youtube.com/watch?v=aLLo5wgXGDc&lc=Ugz6qC8H5Blaimtnb1Z4AaABAg,YES,anti_consumption,advising,,,,discovery,,size,,low,1,5,"I'm 5'2"" - so I know a dress",True
yt2_2279,youtube,2025-10-13,none,"My rule is if I see something I want,  I don't buy it straight away. If I have still been thinking about it after a week then I will buy it. If its a in store item I now make myself try it on before buying it. 
Its helped alot.",https://www.youtube.com/watch?v=aLLo5wgXGDc&lc=UgykWgoacVX6FA65r7p4AaABAg,YES,anti_consumption,advising,,,,discovery,,,,low,1,5,My rule is if I see something I want,True
yt2_2280,youtube,2025-10-13,none,"Nice tips Anna. 

I have been wearing glasses since I was 15 years old. In fact, I couldn't see much clearly since my 5th or 6th grade. Nobody believed me as I was always playful and a comedian. My folks thought I was joking.

Two things I hate passionately in my life. I hate contact lens and coloring my hair.

I always have my shopping list on my phone. As soon as I get my things, I try to get the hell out of the shop. 

I go by 80/20 rule in almost everything. I only buy 100% cotton, linen, silk and wool plus faux leather. 

It is quality not quantity that brings happiness. It is good to look into items that no longer fit or not worn and donate to people who you know which I follow or to some goodwill. 

We don't want to hang out or associate with people who are toxic and wear us down. 

Life becomes peaceful when we frequently assess our situation.",https://www.youtube.com/watch?v=aLLo5wgXGDc&lc=UgwzwZTcmZ3ChpsCwpN4AaABAg,YES,anti_consumption,advising,,,,discovery,,fabric,,low,1,5,"I only buy 100% cotton, linen, silk",True
yt2_2281,youtube,2025-10-13,none,"Just donated 2 large ikea bags full of barely worn/never worn clothes, so much regret! 😅",https://www.youtube.com/watch?v=aLLo5wgXGDc&lc=Ugy-9Xg1wEgCoWnYTjd4AaABAg,YES,anti_consumption,seeking,,BLOCK_WARDROBE_SATURATION,,post_purchase,,,,low,3,5,Just donated 2 large ikea bags,True
yt2_2286,youtube,2025-10-13,none,"When trying on, if I don't want to take it off, it's a keeper",https://www.youtube.com/watch?v=aLLo5wgXGDc&lc=UgxwFt5F8bg41KiFaH14AaABAg,YES,anti_consumption,advising,,,,decision,,,,low,1,5,if I don't want to take it off,True
yt2_2294,youtube,2025-10-12,none,"Love your videos. Thanks Anna.  One thing that I think doesn’t help me is always looking through the sale/clearance racks.  The low prices entice you to buy more than you need, and they’re last season as well. It’s a vicious circle. (Even though I’ve found some great things, I’ve still bought far too many). I’m going to try shopping only the current season for one special item that is on my list. In the end, my guess is I’ll spend less.",https://www.youtube.com/watch?v=aLLo5wgXGDc&lc=UgwI-CpMbO4k_erym-B4AaABAg,YES,anti_consumption,advising,INTENT_GENUINE,,,consideration,,,,medium,2,5,I’m going to try shopping only the current season,True
yt2_2295,youtube,2025-10-13,none,So true.  What I do is buy at the end of the current season for items I love and will wear the next season.  I usually end up with more classic pieces that way.,https://www.youtube.com/watch?v=aLLo5wgXGDc&lc=UgwI-CpMbO4k_erym-B4AaABAg.AOC6BpNcwMIAOEQ0gZqm79,YES,anti_consumption,advising,INTENT_GENUINE,,,consideration,,,,medium,1,5,What I do is buy at the end,True
yt2_2296,youtube,2025-10-12,none,"I noticed the things I don't wear were bought for the wrong reasons. If I love the fabric, the colour, and hopefully the fit, or if not the fit, then I can seen how tailoring will make it work, then I will probably wear it many times. If I had some other random idea such as, ""this is an investment piece"" or ""I will wear this to an art opening"" then it is a waste of money! An investment piece that I don't actually love is not one, regardless of what anyone says. The version of myself that I see wearing the outlandish clothes to an art opening is several inches taller than myself with a completely different body type!",https://www.youtube.com/watch?v=aLLo5wgXGDc&lc=UgzXEINyQsyqrYKJGTV4AaABAg,YES,anti_consumption,advising,,BLOCK_ANTICIPATED_NONUSE,,consideration,,,,low,3,5,the things I don't wear were bought for the wrong reasons,True
yt2_2298,youtube,2025-10-12,none,"I have replaced everything in my wardrobe several times over after a large weight loss. I didn’t know what anything would look like on my new body, had no idea about styles, colors, etc. After a lot of buying and selling, I’m starting to hone in on styles, colors, and most importantly, brands that are my new go to.

Thank goodness for consignment and shopping preloved! Now I feel like I’m ready to start investing in those key pieces I know I’ll love and get long use out of. I’ve also found a place to get pieces tailored to fit perfectly.",https://www.youtube.com/watch?v=aLLo5wgXGDc&lc=UgxfNrS3qCq-YcbYPTt4AaABAg,YES,anti_consumption,seeking,INTENT_GENUINE,BLOCK_BODY_PROJECTION,,consideration,,fit,thrift,high,4,5,didn’t know what anything would look like on my new body,True
yt2_2299,youtube,2025-10-12,none,"Anna, I heard your voice when I needed jeans and was trying on a bunch. I like high waisted too and I was considering mid rise, so I am tugging on them, trying to pull them up etc and then sensible me kicked in. I will get them home and not wear them bc they don't feel right! Smiled at myself in the mirror, and took em OFF. Thanks GF",https://www.youtube.com/watch?v=aLLo5wgXGDc&lc=UgyzraYeLw_iWImxPJp4AaABAg,YES,anti_consumption,seeking,,BLOCK_BODY_PROJECTION,,decision,,fit,,low,3,5,I will get them home and not wear them bc they don't feel right!,True
yt2_2300,youtube,2025-10-12,none,"Wow, fabulous video. I totally agree with you, though I fail constantly. Especially at night, when I finally relax, and scroll through Amazon.  I have bought too many items when exhausted and half asleep on the couch.  Actually now, I turn off my phone after a certain time to prevent late night impulse shopping.",https://www.youtube.com/watch?v=aLLo5wgXGDc&lc=UgxLK1m9SMzNKgPyCkh4AaABAg,YES,anti_consumption,seeking,,,,cart,,,,high,3,5,scroll through Amazon. I have bought too many items when exhausted,True
yt2_2304,youtube,2025-10-12,none,I love the look of silk but I have a silk pillowcase that is soooo hot to lie on. I end up turning my pillow over several times a night. I'm fairly confident of the quality of silk -- it's from Lily Silk. Not sure what 's going on here so I will refrain from buying any silk clothing items.,https://www.youtube.com/watch?v=aLLo5wgXGDc&lc=Ugz8MGgmpUhAZ4vwq2J4AaABAg,YES,anti_consumption,seeking,,BLOCK_FABRIC_QUALITY,,consideration,Not sure what 's going on here,fabric,,low,3,5,I have a silk pillowcase that is soooo hot,True
yt2_2306,youtube,2025-10-12,none,"Ha! I was on the fence about something I bought last week. It sat in the bag on a chair in my bedroom for a week! But after watching this, I hightailed it back to the store and returned it. I needed this!",https://www.youtube.com/watch?v=aLLo5wgXGDc&lc=UgwH7lnje0hggEdq58B4AaABAg,YES,anti_consumption,seeking,,,,post_purchase,,,,low,3,5,I was on the fence about something I bought last week.,True
yt2_2307,youtube,2025-10-12,none,"Sometimes I leave something in my cart and wait for an email offering free shipping or an additional discount. If it’s something I really want, but the offer doesn’t come, then I figure it wasn’t meant to be!",https://www.youtube.com/watch?v=aLLo5wgXGDc&lc=UgzsnD5MErpO_vmjkPB4AaABAg,YES,anti_consumption,advising,INTENT_PRICE_WATCH,,,saved,,,,medium,2,5,leave something in my cart and wait for an email,True
yt2_2308,youtube,2025-10-13,none,"That’s what I do! If it’s not on sale, I don’t buy it!",https://www.youtube.com/watch?v=aLLo5wgXGDc&lc=UgzsnD5MErpO_vmjkPB4AaABAg.AOBiDlznPH9AOCMPBxUwfH,YES,anti_consumption,advising,INTENT_PRICE_WATCH,,,consideration,,,,medium,1,5,"If it’s not on sale, I don’t buy it!",True
yt2_2309,youtube,2025-10-12,none,"Yes I love this wait 24 hrs one! I do something similar. I will add things to the save for later/wish list online and if it goes on sale and I'm still like 'hmmmm I dunno', I remove it. If I still am not crazy about it when it's on sale, I'll probably never wear it.",https://www.youtube.com/watch?v=aLLo5wgXGDc&lc=Ugy5-yq_aYoXaPwdOQd4AaABAg,YES,anti_consumption,advising,INTENT_PRICE_WATCH,,,saved,,,,medium,2,5,add things to the save for later/wish list online,True
yt2_2310,youtube,2025-10-12,none,"I am 6ft tall and a size 6-8 with a 38 inch inseam, hour glass body shape, and a 6ft wing span.  And, no, I can't wear just anything.  Yellow is good for me, nothing red or tan.",https://www.youtube.com/watch?v=aLLo5wgXGDc&lc=UgwKasjGFOaAvzcmXfZ4AaABAg,YES,anti_consumption,seeking,,BLOCK_LISTING_INCOMPLETE,BLOCK_STYLING,consideration,can't wear just anything,size,,low,4,5,I am 6ft tall and a size 6-8 with a 38 inch inseam,True
yt2_2313,youtube,2025-10-12,none,"My problem is aspirational buying - getting things that the imaginary version of me would wear, but not wearing it because in reality I’m not that person.",https://www.youtube.com/watch?v=aLLo5wgXGDc&lc=UgxXJDJQIiWbQIgZwp54AaABAg,YES,anti_consumption,seeking,,BLOCK_ANTICIPATED_NONUSE,,consideration,,,,low,4,5,aspirational buying - getting things that the imaginary version of me would wear,True
yt2_2314,youtube,2025-10-13,none,"@GenaB63I still gravitate towards clothes that I could totally rock in my 20s…but I’m a 54yo mother of three now, so nope!😢",https://www.youtube.com/watch?v=aLLo5wgXGDc&lc=UgxXJDJQIiWbQIgZwp54AaABAg.AOBd4oScOhaAOCP3Vfr0pB,YES,anti_consumption,seeking,,BLOCK_STYLING,,consideration,,styling,,low,3,5,gravitate towards clothes that I could totally rock in my 20s,True
yt2_2316,youtube,2025-10-16,none,I call it buying for my Fantasy Life! Why do I do that?,https://www.youtube.com/watch?v=aLLo5wgXGDc&lc=UgxXJDJQIiWbQIgZwp54AaABAg.AOBd4oScOhaAOL9ag3PdFN,YES,anti_consumption,seeking,,BLOCK_ANTICIPATED_NONUSE,,consideration,Why do I do that?,,,low,3,5,buying for my Fantasy Life!,True
yt2_2323,youtube,2025-11-26,none,"I used to by clothes that were just a fantasy, that I didn’t wear after purchase.  Now I always ask myself, is this a fantasy purchase?  Or will it fit into my wardrobe",https://www.youtube.com/watch?v=aLLo5wgXGDc&lc=UgxXJDJQIiWbQIgZwp54AaABAg.AOBd4oScOhaAPzV9h4UqwM,YES,anti_consumption,seeking,INTENT_GENUINE,BLOCK_ANTICIPATED_NONUSE,,consideration,is this a fantasy purchase? Or will it fit into my wardrobe,styling,,medium,3,5,I used to by clothes that were just a fantasy,True
yt2_2324,youtube,2025-11-27,none,Same ! I’ll wear the same sweatsuits on  repeat.  Buyer’s remorse,https://www.youtube.com/watch?v=aLLo5wgXGDc&lc=UgxXJDJQIiWbQIgZwp54AaABAg.AOBd4oScOhaAQ08K1WrzJs,YES,anti_consumption,seeking,,BLOCK_ANTICIPATED_NONUSE,,post_purchase,,,,low,3,5,I’ll wear the same sweatsuits on repeat. Buyer’s remorse,True
yt2_2326,youtube,2025-10-12,none,"Ok. I USED to have a petite hourglass figure, which was already difficult enough to find clothes for - then I had a breach baby which gave me a belly that is permanently round.  So now I’m short, hippy/busty with a belly.  No one makes clothes for my “body type”.  🙄🥺  I have lots of make do, kinda sorta, roll the waistband clothes.  Maxi skirt trends are awful for me. It means I can’t find a skirt for however long the trend lasts OR I have to wack 6 inches off.",https://www.youtube.com/watch?v=aLLo5wgXGDc&lc=UgyDS94u6XPNzEXcyjN4AaABAg,YES,anti_consumption,seeking,,BLOCK_LISTING_INCOMPLETE,BLOCK_BODY_PROJECTION,consideration,No one makes clothes for my “body type”,size,,low,5,5,No one makes clothes for my “body type”,True
yt2_2328,youtube,2025-10-12,none,"There was this one style of dress I really wanted.  Saw it all over so cute.  Bought it 3 different times in slightly differing styles.  Gave all 3 away.. I have given up on this dress it is NOT for me
No matter how I style it.. it just didn't work.",https://www.youtube.com/watch?v=aLLo5wgXGDc&lc=UgzoJHTMl1gSp0uoeRJ4AaABAg,YES,anti_consumption,seeking,INTENT_GENUINE,BLOCK_ANTICIPATED_NONUSE,BLOCK_STYLING,post_purchase,Why didn't this dress work despite restyling?,styling,none,low,4,5,it just didn't work,True
yt2_2331,youtube,2025-10-12,none,"One of my big rules is if I don’t want to rip off the tags and wear the item the next day then it likely needs to go back. I usually give it a week or so, and if the tags are still attached it gets sent back.",https://www.youtube.com/watch?v=aLLo5wgXGDc&lc=Ugw0umcCSrLX46rfVEx4AaABAg,YES,anti_consumption,advising,,,,post_purchase,,,none,low,1,5,it likely needs to go back,True
yt2_2332,youtube,2025-10-15,none,"I do this too, sometimes you have to purchase the item when you see it because items are always out of stock and sell out. We don’t have time to figure it out.",https://www.youtube.com/watch?v=aLLo5wgXGDc&lc=Ugw0umcCSrLX46rfVEx4AaABAg.AOB_O1xXue7AOJiyIwh2vg,YES,anti_consumption,advising,,,,consideration,,,none,low,2,5,items are always out of stock,True
yt2_2335,youtube,2025-10-12,none,I needed THIS!!! I was just browsing online and the 24hr wait was so helpful AND this video just confirmed it. NOTHING IS URGENT‼️ Thank you Anna 💐,https://www.youtube.com/watch?v=aLLo5wgXGDc&lc=Ugwla4SoVK37giHwG-N4AaABAg,YES,anti_consumption,seeking,INTENT_INSPIRATION,,,consideration,,,creator,low,1,5,NOTHING IS URGENT,True
yt2_2336,youtube,2025-10-12,none,"OMG!!! Are you telling me a tailor can change the rise of a pant !?!??? Pls tell me more! I have such a hard time with pants and always have to buy extra high-rise or super high-rise 12 inch or higher is the most comfortable. White House black market has extra high-rise, but not in a ton of styles. I have short legs and a long tour so it makes it so hard to find pants.  Pls Tell me more about what you do❤❤ thx!!!!",https://www.youtube.com/watch?v=aLLo5wgXGDc&lc=Ugzs_3w7SFWYFVEt_1d4AaABAg,YES,anti_consumption,seeking,INTENT_GENUINE,BLOCK_SIZE_SELECTION,,consideration,Can a tailor change the rise of a pant?,size,tailor,medium,4,5,a tailor can change the rise,True
yt2_2338,youtube,2025-10-12,none,@ANNAREID29omg you’re the best thx!! Can I ask do you know the rise you prefer and about how much does it cost? I know you’re in Florida. I’m in Boston so prices might be different but curious. Thanks this is completely life-changing. I barely wear pants because of it.😩🤦🏻‍♀️❤️❤️❤️❤️,https://www.youtube.com/watch?v=aLLo5wgXGDc&lc=Ugzs_3w7SFWYFVEt_1d4AaABAg.AOBV17jFYFBAOB_GhMy2K0,YES,anti_consumption,seeking,INTENT_GENUINE,BLOCK_SIZE_SELECTION,,consideration,What rise do you prefer and how much does it cost?,size,creator,medium,3,5,do you know the rise you prefer,True
yt2_2340,youtube,2025-10-12,none,Another question to ask:  Did I have something just like this in the past and got rid of it?  This happens to me more than I care to admit.  I see a look/color/fit but then realize I tried it and it didn't  work for me.  That has helped me stop wasting money repeating a mistake.  Great advice overall.  Thank you.,https://www.youtube.com/watch?v=aLLo5wgXGDc&lc=UgxQHJ2eQk1fkmK_05R4AaABAg,YES,anti_consumption,advising,,,,discovery,,,none,low,1,5,Did I have something just like this,True
yt2_2341,youtube,2025-10-13,none,"That's me too. I kept buying WHITE wide leg jeans because I love my other wide leg jeans and I wanted them in white. After buying and donating three pairs from various labels, I finally got it. They don't look good on me! Lesson learned.",https://www.youtube.com/watch?v=aLLo5wgXGDc&lc=UgxQHJ2eQk1fkmK_05R4AaABAg.AOBV0-ARhnyAOCF7GGalWW,YES,anti_consumption,seeking,INTENT_GENUINE,BLOCK_STYLING,BLOCK_ANTICIPATED_NONUSE,post_purchase,Why don't white wide leg jeans look good on me?,styling,none,low,4,5,They don't look good on me!,True
yt2_2343,youtube,2025-10-12,none,"Anna, satin is a type of fabric finish. Silk satin is what people often call silk. So there is silk satin and polyester satin. Both water stain badly. I avoid both.",https://www.youtube.com/watch?v=aLLo5wgXGDc&lc=UgyJUgQ6wKccC8mfDYF4AaABAg,YES,anti_consumption,advising,,,,discovery,,,none,low,1,5,I avoid both.,True
yt2_2344,youtube,2025-10-13,none,"Satin is actually a fabric weave, not so much a finish, although because of the weave it has a certain finish; very smooth, with a luster on one side, and slightly pebbly on the other side. I very rarely see satin made of silk, although I’m sure very high end stores carry clothes made from that combination. Usually satin is made from polyester, and it has all the characteristics of polyester. Because the weave is so smooth on the finished side, water spots, sweat stains and other flaws will be very noticeable, whether it is made from polyester or silk.",https://www.youtube.com/watch?v=aLLo5wgXGDc&lc=UgyJUgQ6wKccC8mfDYF4AaABAg.AOBStd9qlIgAOCF8xuUtpP,YES,anti_consumption,advising,,,,discovery,,,none,low,1,5,Satin is actually a fabric weave,True
yt2_2345,youtube,2025-10-12,none,“Nothing is urgent…” Thst is soooo true! So many times I find myself buying stuff that I think will be sold out! But there’s always something I see the next week that I want as much or more! 😂Great video! 😊,https://www.youtube.com/watch?v=aLLo5wgXGDc&lc=Ugy3C8s7KsvEaYhScL54AaABAg,YES,anti_consumption,seeking,INTENT_INSPIRATION,,,consideration,,,creator,low,1,5,Thst is soooo true!,True
yt2_2355,youtube,2025-10-12,none,"NO!!! I literally have that yellow floral dress from the thumbnail picture! Which I have not had a chance to wear and has been sitting in my closet for about 5 years now. 

Why must you call me out like this!!  I promise I’ll wear it this fall.",https://www.youtube.com/watch?v=aLLo5wgXGDc&lc=UgxOXXxnkid5fffMqKV4AaABAg,YES,anti_consumption,seeking,INTENT_GENUINE,BLOCK_ANTICIPATED_NONUSE,,saved,,,none,low,3,5,not had a chance to wear,True
yt2_2363,youtube,2025-10-12,none,I have a hidden wish to buy clothes for a school teacher in the Cotswalds. I usually wear gym clothes because it makes me go to the gym. So my teacher clothes look adorable..but no where to wear them.,https://www.youtube.com/watch?v=aLLo5wgXGDc&lc=UgwodPoj00XO87jvxoB4AaABAg,YES,anti_consumption,seeking,INTENT_SIMULATED_OWNERSHIP,BLOCK_ANTICIPATED_NONUSE,BLOCK_STYLING,discovery,Where would I wear teacher clothes?,styling,none,low,3,5,no where to wear them.,True
yt2_2366,youtube,2025-10-12,none,"One of the best lessons I have learned from you is if you don't love it or if you can't wear it right now (rather than ""ten lbs. from now"") don't buy it.",https://www.youtube.com/watch?v=aLLo5wgXGDc&lc=UgxvX1OyyJ9YIBhYew94AaABAg,YES,anti_consumption,advising,,,,consideration,,,creator,low,1,5,don't buy it.,True
yt2_2367,youtube,2025-10-12,none,Yes! If it’s not a “heck yes” it’s a NO!,https://www.youtube.com/watch?v=aLLo5wgXGDc&lc=UgxvX1OyyJ9YIBhYew94AaABAg.AOBH3apNiaJAOBP6MtFZ_w,YES,anti_consumption,advising,,,,consideration,,,none,low,1,5,it’s not a “heck yes” it’s a NO!,True
yt2_2368,youtube,2025-10-19,none,@beththies2155Probably autumn given I have red hair and hazel eyes.,https://www.youtube.com/watch?v=aLLo5wgXGDc&lc=UgxvX1OyyJ9YIBhYew94AaABAg.AOBH3apNiaJAORzYhKc6qn,YES,anti_consumption,seeking,INTENT_GENUINE,BLOCK_STYLING,,consideration,Does autumn suit my red hair and hazel eyes?,styling,none,medium,2,4,Probably autumn given I have red hair,True
yt2_2372,youtube,2025-10-12,none,"I've been decluttering as well. My closet needs a complete overhaul, but everytime I try to condense I end up taking a couple things out and leaving the rest. ""I'm going to wear that "".
I've finally gotten to the point that  if I don't instantly love an item when I try it on on then I don't buy it. Even then I walk around the store for a bit and then decide if I need it or want it...",https://www.youtube.com/watch?v=aLLo5wgXGDc&lc=UgzhEq44XBJudUeJqfV4AaABAg,YES,anti_consumption,seeking,INTENT_GENUINE,BLOCK_WARDROBE_SATURATION,,decision,Do I really need this item or is my closet full?,,none,medium,3,5,everytime I try to condense I end up,True
yt2_2376,youtube,2025-10-12,none,Great tips! Agree about the satin. I've bought so many things online that end up feeling and smelling like a Halloween costume. I do almost all shopping in stores now.,https://www.youtube.com/watch?v=aLLo5wgXGDc&lc=Ugy_ELWhcj4hjl02iSp4AaABAg,YES,anti_consumption,seeking,INTENT_GENUINE,BLOCK_FABRIC_QUALITY,BLOCK_IMAGE_DISTRUST,consideration,Will this fabric feel and smell like a costume?,fabric,offline_store,low,3,5,end up feeling and smelling like a Halloween costume.,True
yt2_2378,youtube,2025-10-12,none,"I had to stop following all the tall (or petite), skinny ""selling"" influencers as the clothes never looked right on my average-height, chubby body.  I needed the temptation to buy clothes that I knew would not fit me, only to add to the disappointment and ever-growing body image issues created by them.  All the pants that ""hit just at the right place on the ankle"" - never ever ever hit at any right place on my ankle.",https://www.youtube.com/watch?v=aLLo5wgXGDc&lc=Ugy5QfHRKwKPAylasRF4AaABAg,YES,anti_consumption,seeking,INTENT_GENUINE,BLOCK_BODY_PROJECTION,,consideration,"How will these clothes look on my average-height, chubby body?",fit,none,low,4,5,"never looked right on my average-height, chubby body.",True
yt2_2380,youtube,2025-10-13,none,"I’ve measured several pair of jeans/pants that fit well and I wear regularly to see what the front/back rise is, and the inseam length is. I also like high rise pants, so try to stick with 11.1/2” to 12” rise and 30” to 31” inseam. I’ve also measured the leg opening, but allow for a little more flexibility there, as I like straight, tapered and some wider leg pants. I did order a pair of jeans recently that said it was a 12” rise, and yet hit right below my boobs-it measured out at 16”! 😂",https://www.youtube.com/watch?v=aLLo5wgXGDc&lc=Ugy5QfHRKwKPAylasRF4AaABAg.AOBCdaYPuhVAOCGIEmzLOt,YES,anti_consumption,seeking,INTENT_GENUINE,BLOCK_CHART_UNRELIABLE,BLOCK_LISTING_INCOMPLETE,consideration,Why did jeans labeled 12 inch rise measure 16 inches?,size,none,medium,3,5,yet hit right below my boobs-it measured out at 16”!,True
yt2_2381,youtube,2025-10-13,none,"@llm5726 I've found so much inconsistency with what the product details say, what the size charts say, versus what I actually receive.  I end up returning more than I keep.",https://www.youtube.com/watch?v=aLLo5wgXGDc&lc=Ugy5QfHRKwKPAylasRF4AaABAg.AOBCdaYPuhVAODhrpCUL-w,YES,anti_consumption,seeking,INTENT_GENUINE,BLOCK_CHART_UNRELIABLE,BLOCK_LISTING_INCOMPLETE,consideration,Can I trust the size charts and product details?,size,,medium,4,5,,False
yt2_2385,youtube,2025-10-12,none,"Know your best colors, know your body shape, know your personal vibe (simple, romantic, sporty, etc.)  have a full length mirror at home, and keep the tags on until you are sure it's an item you will wear.",https://www.youtube.com/watch?v=aLLo5wgXGDc&lc=UgxM20uSZ2k4rlb_jzl4AaABAg,YES,anti_consumption,advising,,,,discovery,,,,low,1,5,"Know your best colors, know your body shape",True
yt2_2387,youtube,2025-10-12,none,Learning about the Kibbe System was a game changer for me. I now know exactly what works on me and what not.,https://www.youtube.com/watch?v=aLLo5wgXGDc&lc=UgxTBn_HJ1qQcb1-dPF4AaABAg,YES,anti_consumption,advising,,,,discovery,,,,low,1,5,Learning about the Kibbe System was a game changer,True
yt2_2389,youtube,2025-10-13,none,"Yes I l9ve the Konne. Sut3m omce you know your type/ style plus coloranañysis for ypu.your nest col9rs you have eliminated 80% of clothes or more MEANT for others. Imkept bisy masteri h all that online for free as I whittled down from a size 16 to a size 8. Tjen I bought vintage FIRST blouses, sweaters,,,blazers, skirts, slacks I usually bought new as my style came IN style. I have an amazing curated for my life, body type, and climate wardrobe now. It is a joy to dress everday now. I have been riding this wave for five years now. It was a transformation. I have a new items list each season very small and am happy. The wonderful thing about kibbe is you are suiting YOU not five minnute fashion extremes.",https://www.youtube.com/watch?v=aLLo5wgXGDc&lc=UgxTBn_HJ1qQcb1-dPF4AaABAg.AOB8EFchaTfAOCDMlMn10n,YES,anti_consumption,advising,,,,discovery,,,,low,1,5,you have eliminated 80% of clothes,True
yt2_2392,youtube,2025-10-12,none,"Funny you love high rise. I can’t stand high rise anything. Doesn’t matter what’s in or out, I gravitate towards low. 😂",https://www.youtube.com/watch?v=aLLo5wgXGDc&lc=UgyssM8trx7cmpIrL754AaABAg,YES,anti_consumption,advising,,,,discovery,,,,low,1,5,I can’t stand high rise anything,True
yt2_2395,youtube,2025-10-13,none,It wasn't exactly like this. This is oversized and it has a white thick collar. And the lighter blue is thicker than the navy blue. It's an updated version of the rugby shirt.,https://www.youtube.com/watch?v=aLLo5wgXGDc&lc=UgyeKKRgEfGUzNphbBB4AaABAg.AOB51ejf8udAOEVOvx4rNI,YES,anti_consumption,advising,,,,discovery,,,,low,1,5,This is oversized and it has a white thick collar.,True
yt2_2398,youtube,2025-10-12,none,"Vertical wide stripes, not the best look for most ladies.",https://www.youtube.com/watch?v=aLLo5wgXGDc&lc=UgzrOT8ol4ouMGrxXOt4AaABAg,YES,anti_consumption,advising,,,,discovery,,,,low,1,5,"Vertical wide stripes, not the best look",True
yt2_2399,youtube,2026-01-11,none,I've been living this way for years and it works.,https://www.youtube.com/watch?v=NiTfE33-aqQ&lc=Ugwfs8uyxx8b7CoNMUV4AaABAg,YES,anti_consumption,advising,,,,discovery,,,,low,1,5,I've been living this way for years,True
yt2_2404,youtube,2025-02-25,none,"i recently got recommended shopping on ebay for used clothes if you need quality stuff, like wool or linen, etc. items that are harder to find in person & they often have measurements",https://www.youtube.com/watch?v=NiTfE33-aqQ&lc=Ugw6pSuTDMVpoSPMb2t4AaABAg,YES,anti_consumption,advising,,,,discovery,,,thrift,low,1,5,shopping on ebay for used clothes,True
yt2_2409,youtube,2024-08-14,none,"1) taking a picture
1a) taking a screenshot 
2) texting myself the link
3) adding details to my calendar for a future date. 

It works!!",https://www.youtube.com/watch?v=OJlZMOQ9xDk&lc=UgwzwyV7eSD961KIdsd4AaABAg.A77WuwHsmh7A77rnyFnXhQ,YES,anti_consumption,advising,,,,discovery,,,,low,1,5,taking a picture 1a) taking a screenshot,True
yt2_2434,youtube,2025-09-13,none,"When thinking about buying a new item, imagine it in the future. Ask yourself questions.
Will I still love this item in 5 years?
Will this item still make the same sense I think it will if I buy it now in 5 or 10 years?
What are you buying based on at that moment? Anger, boredom, joy, sadness?
There are countless questions to ask yourself, which are very helpful, and it's a daily reeducation!",https://www.youtube.com/watch?v=OJlZMOQ9xDk&lc=Ugwmaakoci2SgX_vKcl4AaABAg,YES,anti_consumption,advising,,,,discovery,,,,low,1,5,Will I still love this item in 5 years?,True
yt2_2444,youtube,2025-05-05,none,"This is what I do if I see something pretty in stores. “I like it. I want it. But do I need it? Come on now, you know you’re just gonna wear this on one time so there’s no point of buying it.”",https://www.youtube.com/watch?v=OJlZMOQ9xDk&lc=UgyvG2HFt_EmC1VdL8J4AaABAg,YES,anti_consumption,advising,,BLOCK_ANTICIPATED_NONUSE,,discovery,,,,low,2,5,you’re just gonna wear this on one time,True
yt2_2445,youtube,2025-02-15,none,"One thing I'd suggest if your having problems spending to much is to take a break from shopping in person. If you need groceries or whatever, only shop while your at home for delivery. You can see exactly what is in your house and adjust your list accordingly as your making it. I noticed I spend way more at a grocery store because I forget what I have and I'm terrible with running off a list too. I'll walk to my bathroom and see we only need toothpaste this week, walk in my kids room and maybe we need wipes but not diapers yet, go in the kitchen and notice we have 10 jars of tomatoes so maybe I'll make a chili this week, if we have a lot of potatoes left I'll figure out meals based around that. I can see we need parsley and not accidently grab more basil instead. Just walk through the house and see how little you really need. I also get my groceries once a week unless it's an absolute emergency, so if I run out of coffee on weds I have to wait until shopping day on saturday to get it. We don't need everything right away most of the time so make yourself wait. You almost never need a new mug, blanket, tee shirt so you'll instantly save on all that random stuff you would walk past in a store. And maybe you still buy that valentines day blanket online you see on the home page but you won't have a ton of extra random stuff too so you still save quite a lot.",https://www.youtube.com/watch?v=OJlZMOQ9xDk&lc=UgxIHf2PrvADqfmzyJN4AaABAg,YES,anti_consumption,advising,,BLOCK_WARDROBE_SATURATION,,discovery,,,,low,2,5,take a break from shopping in person.,True
yt2_2446,youtube,2024-12-18,none,"There was a time when going to the mall began to give me anxiety . That’s when I made my career transition and had to cut frugal spending at all. And now when I can buy I lost interest at all. I like thrifting though , and must be careful to not overbuy just because it’s a good piece and it’s cheap",https://www.youtube.com/watch?v=OJlZMOQ9xDk&lc=UgyhY79brwrdKJW7YbZ4AaABAg,YES,anti_consumption,seeking,INTENT_GENUINE,BLOCK_WARDROBE_SATURATION,,saved,,,thrift,low,3,5,must be careful to not overbuy,True
yt2_2447,youtube,2024-11-20,none,"Thanks, Jess! Minimizing the constant urge to buy by: moving & dramatically downsize cold weather & items that don't fit or I don't care for... Also to reduce my higher stress level to manage a vast wardrobe with packed closets, drawers & containers making it difficult & frustrating to get dressed!
(I still have more than enough, though it is MUCH more manageable!) 😊❤",https://www.youtube.com/watch?v=OJlZMOQ9xDk&lc=UgxXl5hCRiDWK_2IG3F4AaABAg,YES,anti_consumption,seeking,INTENT_GENUINE,BLOCK_WARDROBE_SATURATION,,saved,,,,low,3,5,Minimizing the constant urge to buy,True
yt2_2449,youtube,2024-09-22,none,"Thank you, I just found your channel and I'm enjoying it a lot...it's come at just the right time.
This might sound contrary to the video and this whole concept but it's not I promise. Where's your top from? I'm actually looking for a pair of pyjamas that have that low contrast pretty print with a bit of a textured edge like this and I never come across them. I've decluttered all my crazy pyjamas so just want a pair or two of lovely ones.
Thanks 😊",https://www.youtube.com/watch?v=OJlZMOQ9xDk&lc=UgzDzhjJWb6lDziBHkR4AaABAg,YES,anti_consumption,seeking,INTENT_GENUINE,BLOCK_LISTING_INCOMPLETE,,discovery,Where is your top from?,styling,creator,medium,2,5,Where's your top from?,True
yt2_2462,youtube,2024-08-16,none,"Another marketing trick I've noticed is that it seems like everything I want to buy always says ""only 2 left"" after I put them in my cart, to try to make me feel like I'd better hurry and buy it now. But, when I empty the cart and come back another time, there's usually still ""only 2 left."" I don't fall for the sense of urgency trick anymore.",https://www.youtube.com/watch?v=OJlZMOQ9xDk&lc=Ugz-RAfpCiNRf9GrOLx4AaABAg,YES,anti_consumption,seeking,INTENT_GENUINE,BLOCK_IMAGE_DISTRUST,,cart,,,,medium,2,5,I don't fall for the sense of urgency trick,True
yt2_2464,youtube,2024-08-16,none,I really wanna read that ruthless elimination of hurry book! I found it in the Christian section and im planning on reading it! Very excited,https://www.youtube.com/watch?v=OJlZMOQ9xDk&lc=UgwXgOrZKQTO5kzOofl4AaABAg,YES,anti_consumption,seeking,INTENT_GENUINE,,,discovery,,,,high,1,5,I really wanna read that ruthless elimination,True
yt2_2468,youtube,2024-08-15,none,I got enough clothes right now. Only time im allowed to go shopping again is when i lost the few pounds i wisj to lose.. even then i prob will try not to.,https://www.youtube.com/watch?v=OJlZMOQ9xDk&lc=UgwCnzXm-QTl5zkFPDx4AaABAg,YES,anti_consumption,seeking,INTENT_GENUINE,BLOCK_WARDROBE_SATURATION,BLOCK_SIZE_SELECTION,saved,,size,,low,4,5,I got enough clothes right now.,True
yt2_2471,youtube,2024-08-14,none,"The sense of urgency is why I need a break from op shopping. It's cheap and they really do dissappear fast cause there's only one so I end up buying things I don't end up wearing. Constantly donating and buying from the op shops. But I'm donating 2 bags today and limiting how often I go from now on. Only going to buy something that I can picture what it goes with, like at least 2 outfits I can make out of it. Otherwise I think I need to stick to ""real stores"" for a year. Where I can properly plan what I actually need to fill the gaps of my wardrobe.",https://www.youtube.com/watch?v=OJlZMOQ9xDk&lc=Ugyv6CwgdaZuLoq2dB14AaABAg,YES,anti_consumption,seeking,INTENT_GENUINE,BLOCK_ANTICIPATED_NONUSE,BLOCK_STYLING,saved,Can I make at least 2 outfits out of it?,styling,,low,4,5,end up buying things I don't end up wearing.,True
yt2_2473,youtube,2024-08-14,none,"Thank you for this!! As someone who struggles with compulsive buying and currently trying to pay of £16,000 of credit card debts!! I find the waiting 24- 48 hours now before I buy something helps, and then I end up forgetting about it or I cannot be bothered to go back to the store to buy it lol. You are very inspiring Xx",https://www.youtube.com/watch?v=OJlZMOQ9xDk&lc=UgzrcKsjtBLqmvG9akd4AaABAg,YES,anti_consumption,advising,,,,discovery,,,none,low,1,5,waiting 24- 48 hours now before I buy,True
yt2_2475,youtube,2024-08-14,none,Getting off social media completely has really helped me with impulse buying or getting FOMO around a certain purchase. It is crazy how much social media can really sway your wants and desires. Now I feel like I have more room to decide what I truly want and need. Love your content so much ❤️,https://www.youtube.com/watch?v=OJlZMOQ9xDk&lc=UgzZK6nABkSfoaVsr2d4AaABAg,YES,anti_consumption,advising,,,,discovery,,,none,low,1,5,Getting off social media completely has really helped,True
yt2_2477,youtube,2024-08-14,none,"Considering how many work hours it takes to buy it. Definitely puts things in perspective. Also shopping with cash when it comes to fun money causes me to be more selective of how I ultimately spend. And I've been using a wish list for years now, really helps!! I even put things on the list that are bigger like vacations, specific lifestyle upgrade goals, etc and that helps me to weigh the smaller stuff. What do I want most vs what do I want now.

Love your videos, thanks so much! ✨️🤍",https://www.youtube.com/watch?v=OJlZMOQ9xDk&lc=UgxyXeyfH5p7PUeGpH54AaABAg,YES,anti_consumption,advising,,,,discovery,,,none,low,1,5,Considering how many work hours it takes to buy it,True
yt2_2480,youtube,2026-07-21,none,"Jo bhi new item ayega, kya usme bhi return policy hogi? Mtlb agr exchanged item ni psnd aya to retun kr skte h kya?",https://www.youtube.com/watch?v=898YWhYDgz4&lc=UgyPlqYLT4HgYz-4SEV4AaABAg,YES,other,seeking,INTENT_GENUINE,BLOCK_RETURN_FRICTION,,consideration,Can exchanged items be returned?,,,medium,3,5,,False
yt2_2481,youtube,2026-05-05,none,Usi amount mein 2-3 item manga skte exchange style mein?,https://www.youtube.com/watch?v=898YWhYDgz4&lc=UgzBO34OPyZcWqt2nzt4AaABAg,YES,other,seeking,INTENT_GENUINE,BLOCK_LISTING_INCOMPLETE,,consideration,Can 2-3 items be ordered in an exchange style?,,,medium,3,5,Usi amount mein 2-3 item manga skte,True
yt2_2483,youtube,2025-12-03,myntra,Maine Myntra pr Nivea lotion order Kiya tha bt ab m uska small size lena chahti hu pr option show nhi ho rha email b bhej diya koi solution nhi h,https://www.youtube.com/watch?v=898YWhYDgz4&lc=UgxLmeFEULyt7TSzkIh4AaABAg,YES,other,seeking,INTENT_GENUINE,BLOCK_LISTING_INCOMPLETE,,consideration,Why is the small size option not showing?,size,,high,3,5,m uska small size lena chahti hu pr option show nhi ho rha,True
yt2_2484,youtube,2025-10-08,none,Colour exchange karna hai size exchange hi a raha hai do pant Li donon me😢,https://www.youtube.com/watch?v=898YWhYDgz4&lc=UgxDgEvIUEbHYSVRGa54AaABAg,YES,other,seeking,INTENT_GENUINE,BLOCK_LISTING_INCOMPLETE,,post_purchase,How to exchange for color instead of size?,,,high,3,5,Colour exchange karna hai size exchange hi a raha hai,True
yt2_2521,youtube,2025-09-28,myntra,Mane earbud magaya ha uus per 7 day service centre replacement h or ager wo damage aata h to kya myntra exchange ya replacement ya return kare ga,https://www.youtube.com/watch?v=ZYumjOBhCyA&lc=Ugytw1WBvYVhqMB375d4AaABAg,YES,other,seeking,INTENT_GENUINE,BLOCK_RETURN_FRICTION,,consideration,Will they replace or return if it arrives damaged?,,,medium,3,5,ager wo damage aata h to kya myntra exchange ya replacement ya return kare ga,True
yt2_2529,youtube,2025-09-16,myntra,"I received a completely different product today( dress)..placed return request within mins after seeing the product.
The product quantity was cheap ,and without tags.
Myntra is saying they would take 24hrs to verify, seeing the pics.
Waise toh return ho jaana chahiye,qki Flipkart mein hota h refund wrong product milne pe..abhi YouTube mein kuch log bol rahe hai,ki wrong item seller bhejta hai toh Myntra return nahi lena..costly h dress,3k..I am literally worried.",https://www.youtube.com/watch?v=ZYumjOBhCyA&lc=UgwhpHAF1RJtN-9qqEd4AaABAg,YES,other,seeking,INTENT_GENUINE,BLOCK_RETURN_FRICTION,BLOCK_IMAGE_DISTRUST,post_purchase,Will Myntra accept the return for a wrong item sent by the seller?,,youtube,low,4,5,wrong item seller bhejta hai toh Myntra return nahi lena,True
yt2_2532,youtube,2026-02-13,none,Same problem...maine 3k ki Saree mgayi from koshki brand i received a yellow color suit 😢😢 return dala hai abhi 24 hr ka time dikha rhahai,https://www.youtube.com/watch?v=ZYumjOBhCyA&lc=UgwhpHAF1RJtN-9qqEd4AaABAg.AN8YH3z50lZAT9F_wLr7Qs,YES,other,seeking,INTENT_GENUINE,BLOCK_RETURN_FRICTION,BLOCK_IMAGE_DISTRUST,post_purchase,Will the return go through successfully?,,,low,4,5,i received a yellow color suit 😢😢 return dala hai,True
yt2_2538,youtube,2026-06-09,none,"Nahi's only size exchange is Available XS ,S ,M,L,XL  No colour exchange available",https://www.youtube.com/watch?v=hcIqXU6z7h0&lc=UgzMBQzk7H9K2n9qfdl4AaABAg.AXqLDN2u9n5AXqPPhWKi38,YES,other,advising,,,,consideration,,,,low,1,5,"Nahi's only size exchange is Available XS ,S ,M,L,XL No colour exchange available",True
yt2_2563,youtube,2024-08-09,none,"Sir mne jean order ki 1800 ki and kurti bheji without tag , complaint raise ki h , refund mil jayga ?",https://www.youtube.com/watch?v=kgiewPUxidI&lc=Ugz4pJQ3yjyohYG3bqt4AaABAg,YES,other,seeking,INTENT_GENUINE,BLOCK_RETURN_FRICTION,,post_purchase,Will I get my refund for the item sent without a tag?,,,low,4,5,"complaint raise ki h , refund mil jayga ?",True
yt2_2580,youtube,2024-09-08,none,So sad isliye mai bhi dar rhi hu product return krne me kahi mera product gya or paise nhi mile toh 😢,https://www.youtube.com/watch?v=kgiewPUxidI&lc=Ugy9bDHP6gfpxzSkA0B4AaABAg.A2wKj18CE2qA86v1pz0ogH,YES,other,seeking,INTENT_GENUINE,BLOCK_RETURN_FRICTION,,consideration,Will I lose my money if I return the product?,,,low,4,5,kahi mera product gya or paise nhi mile toh,True
yt2_2609,youtube,2025-09-16,myntra,"I received a completely different product today( suit),got a black kurta with pant...placed return request within mins of seeing the product.
The product quantity is cheap ,and without tags.
Myntra is saying they would take 24hrs to verify, seeing the pics.
Waise toh return ho jaana chahiye,qki Flipkart mein hota h refund wrong product milne pe..abhi YouTube mein kuch log bol rahe hai,ki wrong item seller bhejta hai toh Myntra return nahi lena..suit 3k ka hai..I am literally worried.
Yaha bhi log bol rahe hai unko nahi mila.",https://www.youtube.com/watch?v=_uO4qkwmLEU&lc=UgwoULNUg6GBwqNO5YB4AaABAg,YES,other,seeking,INTENT_GENUINE,BLOCK_RETURN_FRICTION,BLOCK_IMAGE_DISTRUST,post_purchase,Will Myntra honor the return for a completely different product?,,youtube,low,4,5,wrong item seller bhejta hai toh Myntra return nahi lena,True
yt2_2657,youtube,2026-08-17,none,My simple theory... Don't buy clothes especially for kids  if I can't touch and feel the fabric....,https://www.youtube.com/watch?v=qii3btD9IHs&lc=Ugyt2Vzgez-YMw8rTzh4AaABAg,YES,other,advising,,,,discovery,,,,low,1,5,Don't buy clothes especially for kids if I can't touch and feel the fabric,True
yt2_2659,youtube,2026-08-18,none,​@HeliNaikany skin type... Because a mother knows what is good for her children especially when they are young... I can live without shopping but never be satisfied with a wrong dress or material..😅,https://www.youtube.com/watch?v=qii3btD9IHs&lc=Ugyt2Vzgez-YMw8rTzh4AaABAg.A_cMbQv2_CHA_eLlt0f98m,YES,other,advising,,,,discovery,,,,low,1,5,never be satisfied with a wrong dress or material,True
yt2_2660,youtube,2026-08-17,myntra,"I end up buying from Myntra only so I can see multiple photos, feel the fabric and return it if I don’t like it. Most smaller websites make it difficult to exchange or return. 
Viscose Rayon works for me sometimes and not a few times. I prefer cotton but it should thick though to withstand a machine wash. Synthetics are popular but I don’t like them.",https://www.youtube.com/watch?v=qii3btD9IHs&lc=UgwoSZtbS9Pa9W8lHxZ4AaABAg,YES,other,seeking,INTENT_GENUINE,,,consideration,,fabric,offline_store,high,2,5,"I end up buying from Myntra only so I can see multiple photos, feel the fabric and return it",True
yt2_2661,youtube,2026-08-17,none,"yes, I feel the same about fabric. Rayon/viscose can be good sometimes, but it really depends on the quality. Cotton is still my first preference for daily wear, especially if it feels substantial enough to survive regular washing.

The hardest part online is that even when the fabric name sounds right, you still don’t really know how it will feel until it arrives.",https://www.youtube.com/watch?v=qii3btD9IHs&lc=UgwoSZtbS9Pa9W8lHxZ4AaABAg.A_bZD-Gx7lrA_bsKI74CBZ,YES,other,advising,,,,consideration,,fabric,,low,1,5,you still don’t really know how it will feel until it arrives.,True
yt2_2662,youtube,2026-08-17,none,"☝️not enough information.. n sometimes wrong information in d description.. n there's heavy editing the photos..you just can't know.. n when our returns increase, the websites get an excuse to charge us extra on every purchase... even block our account if we pass a certain limit!!😒

Online shopping is so stressfu😰l.. sometimes the seller doesn't send us the tag or something.. the product is defective .. nowadays so many products are defective ..or due to some other mistake of the seller our return gets cancelled.. 75% of the time what we see n what we get is slightly different.. either d fitting is horrible.. or the color is different .. online shopping is just horrible n so stressful.. 

it's become too risky to buy expensive things online.. what if the website refuses to return? 

I hv stopped buying as much online now.. i far prefer offline purchases now.. go to the shop n directly purchase things.. that's so much better an experience ..n you don't feel stressed before n after buying anything either.. 

n many times offline buying is far cheaper as well.. especially for the small little things in daily life.. cheap stuff sells so highly priced online",https://www.youtube.com/watch?v=qii3btD9IHs&lc=UgzgVfOq6IzX_M-Hgkx4AaABAg,YES,other,seeking,INTENT_GENUINE,BLOCK_FABRIC_QUALITY,BLOCK_RETURN_FRICTION,consideration,What if the website refuses to return?,fabric,offline_store,low,5,5,Online shopping is so stressfu😰l,True
yt2_2663,youtube,2026-08-17,none,"I totally get this 😭 Yesterday only I was out shopping with my brothers because they wanted to buy jeans and T-shirts, and we were literally talking about the same thing.

Online shopping definitely has its pros, especially convenience and more options, but physical shopping is just so much better in this way. You can actually see the colour, touch the fabric, check the fit and know what you're paying for before buying it.

And with online shopping, even after checking everything properly, sometimes what arrives is still completely different 😭 The return issues just make the whole thing more stressful.

And delivery can be a headache too. Last month I ordered a night suit and had to travel almost 8 km just to pick up the package because the courier service said my area was outside their delivery range.",https://www.youtube.com/watch?v=qii3btD9IHs&lc=UgzgVfOq6IzX_M-Hgkx4AaABAg.A_b69Hz3WVaA_brtsZccP0,YES,other,seeking,INTENT_GENUINE,BLOCK_IMAGE_DISTRUST,BLOCK_RETURN_FRICTION,consideration,,fabric,offline_store,low,4,5,what arrives is still completely different 😭,True
yt2_2666,youtube,2026-08-15,none,I bought 2 tops from rarerism after seeing labels of both tops as cotton but after I got it ..they didn't feel like cotton ..I mean fabric quality is good but I don't know it doesn't feels like cotton neither like polyester...it' s smooth but ...idk but the one I am wearing in my dp is from the label ritu kumar I got it on sale and it's been 6 years i still wear it and fabric quality is top notch ...so if you have any affordable suggestions from label ritu kumar in cotton plz let me know,https://www.youtube.com/watch?v=qii3btD9IHs&lc=UgyEVMoeQkReFzv1RBh4AaABAg,YES,other,seeking,INTENT_GENUINE,BLOCK_FABRIC_QUALITY,,consideration,affordable suggestions from label ritu kumar in cotton,fabric,creator,medium,3,5,they didn't feel like cotton,True
yt2_2669,youtube,2026-08-13,none,"I’ve had bad experiences buying clothes online. 
So I’ll add another tip - don’t buy clothes that have reviews 5-6 years old yet the dress is still available. It’s most likely that you are getting it from old stock.. and sometimes the fabric disintegrates after 1 month of use.",https://www.youtube.com/watch?v=qii3btD9IHs&lc=UgyQ0FX1AAp1syGLuoF4AaABAg,YES,other,advising,,,,discovery,,,,low,2,5,don’t buy clothes that have reviews 5-6 years old,True
yt2_2675,youtube,2026-08-11,none,"Love the topic..I'm confused why you didn't add checking sizes?

And your video & voice is so soothing ❤",https://www.youtube.com/watch?v=qii3btD9IHs&lc=UgzHFak8L0idaPx4Az14AaABAg,YES,other,advising,,,,discovery,,,,low,1,5,I'm confused why you didn't add checking sizes?,True
yt2_2685,youtube,2026-08-16,none,"Honestly, I’d skip the budget hauls. Zudio, Westside, and plenty of local stores already do that, and online options around ₹1,000 don’t really match the quality. I’ve been following your older videos and collections for a long time, and that premium quality is what I love about your content. The links in this video feel more like a distraction and don’t have the same premium vibe. I’d much rather see your original style and collections!",https://www.youtube.com/watch?v=mP33KDhaOWc&lc=Ugzdoj5_3VFbhfmdYVF4AaABAg,YES,haul,advising,,,,discovery,,,,low,2,5,I’d skip the budget hauls.,True
yt2_2686,youtube,2026-08-16,none,"This Inkast brand shirt has a different color on link,, its in gray, but you showed in sort of brown/tan. And i tried to find the same color but didn’t find anywhere. If you have exact color link then plz share",https://www.youtube.com/watch?v=mP33KDhaOWc&lc=UgxHNKl9JSGV4_1Bp0B4AaABAg,YES,haul,seeking,INTENT_GENUINE,BLOCK_LISTING_INCOMPLETE,BLOCK_IMAGE_DISTRUST,decision,exact color link,alternatives,creator,high,3,5,If you have exact color link then plz share,True
yt2_2713,youtube,2026-02-14,none,"White linen
Denim shirt
Black shirt
Vertical style shirt
Olive shirt
Black solid tshirt
Dark green tshirt
Offwhiye polo buttonless
Knotted polo navy
Bootcut blue jeans
Cargo 
Black staright fit trouser
Light blue loose fit jeans
Beige trouser
Navy trouser 
Over shirt
Chlsea boot
White sneaker
Penny loafer",https://www.youtube.com/watch?v=mQtsNLZrc6g&lc=UgxyV5nPaT_vIceppGp4AaABAg,YES,other,seeking,INTENT_GENUINE,,,discovery,,,,low,1,4,White linen Denim shirt Black shirt,True
yt2_2716,youtube,2026-01-20,none,"Where can I get a premium quality ribbed vest, any suggestions for brand?",https://www.youtube.com/watch?v=mQtsNLZrc6g&lc=UgxHtBmCmj4JeJ6myGx4AaABAg,YES,other,seeking,INTENT_GENUINE,,,discovery,any suggestions for brand,alternatives,creator,medium,2,5,Where can I get a premium quality ribbed vest,True
yt2_2723,youtube,2025-11-08,none,"Bro please share that dark blue #jeans link... 10:41
Have searched all your videos but didn't get the exact jeans link, please share",https://www.youtube.com/watch?v=mQtsNLZrc6g&lc=UgzcgeRlv2i66KzS3RZ4AaABAg,YES,other,seeking,INTENT_GENUINE,BLOCK_LISTING_INCOMPLETE,,decision,exact jeans link,,creator,high,3,5,please share that dark blue #jeans link,True
yt2_2726,youtube,2025-10-13,none,Bootcut jeans Levi ka konse series ka dikhaya,https://www.youtube.com/watch?v=mQtsNLZrc6g&lc=UgxP3EvZQ3E_uL5eBNd4AaABAg,YES,other,seeking,INTENT_GENUINE,BLOCK_LISTING_INCOMPLETE,,consideration,konse series ka dikhaya,,creator,medium,2,5,Bootcut jeans Levi ka konse series ka dikhaya,True
yt2_2740,youtube,2025-09-13,none,The solid black shirt  which was there in your video and the link you sent are different please send appropriate link,https://www.youtube.com/watch?v=mQtsNLZrc6g&lc=UgwD7RpuKzYHjNXzymV4AaABAg,YES,other,seeking,INTENT_GENUINE,BLOCK_IMAGE_DISTRUST,BLOCK_LISTING_INCOMPLETE,decision,appropriate link,,creator,high,3,5,the link you sent are different,True
yt2_2748,youtube,2025-09-03,none,Bhai I'm (Male 23) meri khud ki bhen ki next month shaadi h nd I'm literally confused what to where..aajtk kuch aisa phena nhi jo idea hoo plzz help me out 🙏🏻..🥺,https://www.youtube.com/watch?v=mQtsNLZrc6g&lc=Ugzf2CDiSO6TTqmxFcp4AaABAg,YES,other,seeking,INTENT_OCCASION,BLOCK_STYLING,,consideration,what to wear,styling,creator,high,5,5,bhen ki next month shaadi h nd I'm literally confused,True
yt2_2785,youtube,2025-08-30,none,Bro can you please suggest me best black shirt under 1500 agar tumne li ho to? Aisi jo me kbhi bhi pehen saku but gsm uska high hona chahiye premium quality type lage,https://www.youtube.com/watch?v=mQtsNLZrc6g&lc=Ugy5a_AkzIOP1MkqQT14AaABAg.AMSfivGqzONAMShoRj4rxC,YES,other,seeking,INTENT_GENUINE,BLOCK_FABRIC_QUALITY,,consideration,best black shirt under 1500 high gsm,fabric,creator,medium,3,5,suggest me best black shirt under 1500,True
yt2_2805,youtube,2024-12-15,none,After 3 yrs from purchsing items from zara i'd say that they look good but the quality isnt that great same with H&M they just look good but after wearing it 8-10 times they start to fall apart. I would recommend uniqlo over zara it has almost same (i'd say a bit less) price as zara and quality is great.,https://www.youtube.com/watch?v=LpZ06OxW8zw&lc=UgwzlTgNBB3QuQVIj6h4AaABAg,YES,other,advising,,,,post_purchase,,,,low,3,5,after wearing it 8-10 times they start to fall apart,True
yt2_2810,youtube,2024-12-08,none,"Height 5.7 
Weight 50 
For H&M corduroy overshirt 
Size bata do pls",https://www.youtube.com/watch?v=LpZ06OxW8zw&lc=UgyhrfKqPR1ngr8z08F4AaABAg,YES,other,seeking,INTENT_GENUINE,BLOCK_SIZE_SELECTION,,decision,Size bata do pls,size,creator,high,4,5,Height 5.7 Weight 50 For H&M corduroy overshirt Size bata do,True
yt2_2811,youtube,2024-12-08,none,"Shirts are taken according to the size of the upper body like how big is the chest or the size of the shoulders, height ka koi lena dena nahi hai 

But i think M will fit you but still ek baar check kar lena",https://www.youtube.com/watch?v=LpZ06OxW8zw&lc=UgyhrfKqPR1ngr8z08F4AaABAg.ABlpK8FaZTAABm2IN6tR6X,YES,other,advising,,,,decision,,,,low,3,5,i think M will fit you but still ek baar check kar lena,True
yt2_2813,youtube,2024-12-07,none,"I'm 5,8 what size i should order from freakins and what size you've ordered recently",https://www.youtube.com/watch?v=LpZ06OxW8zw&lc=UgwUdctY3R8AieKCwIZ4AaABAg,YES,other,seeking,INTENT_GENUINE,BLOCK_SIZE_SELECTION,,decision,what size i should order from freakins,size,creator,high,4,5,what size i should order from freakins,True
yt2_2814,youtube,2024-12-07,none,I go for 30 sizes so that is according to my waist. So good according to your waist size,https://www.youtube.com/watch?v=LpZ06OxW8zw&lc=UgwUdctY3R8AieKCwIZ4AaABAg.ABk3cRpMgmCABkBvQFW04C,YES,other,advising,,,,decision,,,,low,2,5,I go for 30 sizes so that is according to my waist.,True
yt2_2822,youtube,2026-04-25,none,"The designs you picked were beautiful, especially the subtle prints and elegant color combinations — perfect for both casual wear and small festive occasions. It would be great if you could also share how these outfits hold up after washing in future videos!",https://www.youtube.com/watch?v=q8VPbXAyld0&lc=UgzIn4BzPdy9ZtPyAk14AaABAg,YES,haul,seeking,INTENT_INSPIRATION,,,discovery,how these outfits hold up after washing,durability,creator,low,2,5,how these outfits hold up after washing,True
yt2_3050,youtube,2025-06-15,none,Offers khatam hone ke baad exchange karne pe utna hi price me product milega keya milega utna me,https://www.youtube.com/watch?v=Emgn45RApdg&lc=UgyYTo9UI0aV6zzZAUx4AaABAg,YES,other,seeking,,BLOCK_RETURN_FRICTION,,post_purchase,Offers khatam hone ke baad exchange karne pe utna hi price me product milega,,,low,3,5,Offers khatam hone ke baad exchange karne pe utna hi price,True
yt2_3051,youtube,2025-07-06,none,​@saheb58 mujhe 613 mai product mila..ab offer khatam hogyi hai..maine exchange kiya hai product..ab mujhe jab woh product aayega tab original prize (1000) deni padegi kya??,https://www.youtube.com/watch?v=Emgn45RApdg&lc=UgyYTo9UI0aV6zzZAUx4AaABAg.AJO3auU_s44AKEaWsQAXEC,YES,other,seeking,,BLOCK_RETURN_FRICTION,,post_purchase,ab mujhe jab woh product aayega tab original prize (1000) deni padegi kya,,,low,4,5,maine exchange kiya hai product..ab mujhe jab woh product aayega tab,True
yt2_3092,youtube,2026-03-15,none,Kavalsina size lennappudu em cheyali bruh,https://www.youtube.com/watch?v=X3ZEA5ms4qY&lc=UgzD0hlRIr22i15jSwV4AaABAg,YES,other,seeking,INTENT_GENUINE,BLOCK_SIZE_SELECTION,,consideration,What should I do when choosing a size?,size,none,medium,3,5,Kavalsina size lennappudu em cheyali,True
yt2_3094,youtube,2025-01-30,none,"Amount nenu konnapudu offer lo vundi bro
Ippudu emo no discount 
Ippudu size exchange lo full amount pay cheyala?",https://www.youtube.com/watch?v=X3ZEA5ms4qY&lc=UgwEt7Qps1T13cJqBNd4AaABAg,YES,other,seeking,,BLOCK_DURABILITY_VALUE,,post_purchase,Do I have to pay full amount for a size exchange after the offer ended?,,none,low,3,5,Ippudu size exchange lo full amount pay cheyala?,True
yt2_3097,youtube,2026-06-20,none,Bro I have purchased a item for 532 during season sale.. now i want to do style exchange but the product price is increased to 836.. help me,https://www.youtube.com/watch?v=eXTFjVihjDs&lc=Ugw5MuyGr88oJO5SJWh4AaABAg,YES,other,seeking,,BLOCK_DURABILITY_VALUE,,post_purchase,How to exchange for a different style when the price increased?,,none,low,3,5,product price is increased to 836,True
yt2_3100,youtube,2024-11-27,none,Ager do product sath aaye to usme se ek ko exchange Krna ho to kese krenge,https://www.youtube.com/watch?v=NMooudFC_nU&lc=UgzZEs0WV4h2yMcCd9N4AaABAg,YES,other,seeking,INTENT_GENUINE,,,consideration,How to exchange only one product when buying two together?,,none,medium,2,5,do product sath aaye to usme se ek ko exchange Krna ho,True
Manual_1,Reddit,2026-08-18,myntra,Nope! Got it for around 8.5k with all offers and cashback so ya wishlist it and keep checking myntra and flipkart at 12am,https://www.reddit.com/r/CasioEdifice/comments/1vhd26y/comment/p24clpl/?screen_view_count=7&ext-referrer=EXTERNAL,YES,not_applicable,advising,INTENT_PRICE_WATCH,,,saved,,,none,medium,2,5,wishlist it and keep checking myntra and flipkart,True
Manual_2,Reddit,2026-08-18,myntra,I wish they were availble on Myntra too. I've got some credit money to burn and the hair serum is at the top of my wishlist.,https://www.reddit.com/r/IndianBeautyTalks/comments/1vgtgv5/comment/p2g9lmw/?screen_view_count=1&ext-referrer=EXTERNAL,YES,not_applicable,seeking,INTENT_GENUINE,,,saved,,,none,high,2,5,hair serum is at the top of my wishlist,True
Manual_3,Reddit,2026-08-18,myntra,It's just happens during myntra sales. You can add your desired perfumes to wishlist and keep checking them at 11pm-12 am or sometimes during afternoon 2pm-4pm (during sale time),https://www.reddit.com/r/DesiFragranceAddicts/comments/1vo7cvs/comment/p3szkc1/?screen_view_count=1&ext-referrer=EXTERNAL,YES,not_applicable,advising,INTENT_PRICE_WATCH,,,saved,,,none,medium,1,5,add your desired perfumes to wishlist and keep checking,True
Manual_4,Reddit,2026-08-18,myntra,"Sure bro... :D Just wishlist the watch you want on myntra, and monitor the prices, which are the lowest during a very small 5-10min window during the end of reason sale. Now 'say' the sale is on 12th dec, so start monitoring the site as soon as the clock hits 11:59PM on 11th dec. I suggest you to get the VIP ticket so that you can access the sale at 11:59PM on 10th dec. Buy as soon as you see the discounted price, as sometimes myntra refreshes it mid transaction and charge you the full price so beware :/",https://www.reddit.com/r/Watches_India/comments/1upqu33/comment/ow980hi/?screen_view_count=1&ext-referrer=EXTERNAL,YES,not_applicable,advising,INTENT_PRICE_WATCH,,,saved,,,none,medium,2,5,Just wishlist the watch you want on myntra,True
Manual_5,Reddit,2026-08-18,myntra,"Really it's a biggest pain for me in my ass too, becoz of fkin height my clothing and styling is so bad and ruined and coz of that no good photos and that leads to no matches as well, it's a cycle of pain and envy.

After market research for a longest time, there r some websites Joggers/ track pants - https://www.rdklu.com/collections/unisex-blue-basic-sweatpant-2 They have customized and plus size as well, nobero is somewhat good I bought a beige jeans it's looks so gayish man like the leg opening was so wide and I am not used to it I wear fir and somewhat wide but it was too wide,

https://www.fflirtygo.com/collections/mens-joggers

Jeans- nobero, and the same links as above.

Tshit and shirt be oversized as well and 3xl from cult store, westside or studio fit, myntra and all.

Yet to find shorts coz am athletic so those short for running again r too short for me it's like am wearing underwear.

But the search is still ongoing but some jeans r from Levi's offline store as well do check or just buy and alter from tailor.

If u know any pls do share as well",https://www.reddit.com/r/IndianBoysOnTinder/comments/1vm63z9/comment/p3zi2zn/?screen_view_count=9&ext-referrer=EXTERNAL,YES,not_applicable,advising,,,,discovery,,styling,google,low,4,5,After market research for a longest time,True
Manual_6,Reddit,2026-08-18,myntra,"I?d recommend going to a mall or the brand?s standalone store for your first purchase. That way, you can actually feel the fabric, try different fits (Slim, Regular, Tailored) and figure out what suits you. Once you know your size and the fit you like you can order the same shirts online during sales and save quite a bit.
Also, avoid Amazon for now. Check the brands? official websites, Myntra, or Ajio they usually have better collections.",https://www.reddit.com/r/hyderabad/comments/1veq6yu/comment/p1j2c51/?screen_view_count=1&ext-referrer=EXTERNAL,YES,not_applicable,advising,,,,discovery,,fit,offline_store,low,2,5,,False
Manual_8,Reddit,2026-08-19,mj,"I did buy underwear too small & they give me a bit of a muffin top. The funny thing is that they are size larges when everything else I wear is small. The tape measure didn't help me with that, the underwear is poorly sized but I am slowly fitting in to them better so I might not replace.",https://www.reddit.com/r/Mounjaro/comments/1uxa87z/comment/oxq4ktz/?screen_view_count=3&ext-referrer=DIRECT,YES,not_applicable,seeking,,BLOCK_CHART_UNRELIABLE,,post_purchase,,size,none,low,3,5,The tape measure didn't help me with that,True
Manual_9,Reddit,2026-08-19,mj,"I went shopping with my bestie & she kept on saying grab a smaller size but I definitely grab those XL & L still. I think I was honestly a L for most of my life but I HATE anything too tight so it was always go bigger, especially if I worried it would shrink. It is sad how I was always mentally reducing my size by buying bigger but in essence I was just hiding myself. I see plenty of big girls who rock ",https://www.reddit.com/r/Mounjaro/comments/1uxa87z/comment/oxq4ktz/?screen_view_count=3&ext-referrer=DIRECT,YES,not_applicable,seeking,,BLOCK_BODY_PROJECTION,,consideration,,fit,friends,low,3,5,she kept on saying grab a smaller size,True
Manual_11,Reddit,2026-08-19,amazon,"This should be pinned. To add to this, don’t get too invested in a particular size bc sooner or later you’ll be disappointed…when you’re usually an 8 but you try a new manufacturer and in their clothes you’re a 12. Women’s clothing sizes are not standardized and it suuuucks.",https://www.reddit.com/r/Mounjaro/comments/1uxa87z/comment/oxq4ktz/?screen_view_count=3&ext-referrer=DIRECT,YES,not_applicable,advising,,,,consideration,,size,none,low,3,5,Women’s clothing sizes are not standardized,True
Manual_12,Reddit,2026-08-19,meesho,"Meesho ftw I agree you haave to master the art of finding good products on meesho

Edit: no i am not gatekeeping.. was just wasn't around..

There are few rules I follow for shopping on meesho:

I never buy cosmetics and any kind of skincare products from there. Even those herbs powders as well.

I have bought clothes and accessories and even furnishings and decorative items, utensils too. Heck I bought toys even lol.

For clothings, I use my actual measurements to compare that with the size chart that they have provided. Usually they are correct. But then I always prefer looser clothes, so I tend to order one size larger at the very least. This ensures that if I like the piece, I just have to make minor alterations. Otherwise I am never afraid to return them coz Meesho has the easiest return policies.

I always opt for the price with the returns with no question asked. Trust me that and POD are the best things in online shopping. Also the fact that there are multiple sellers which sell similar things and those similar products will be suggested to you by the algorithm is awesome. it's always a good option to wishlist them and compare similar items. Also looking under the seller itself has also led me to find some really cute things.

Adding to the point #3, I read the reviews. Always. Coz not all products have customer reviews. But those which do are marked with dark green ratings. And even if there are no images attached, people do give their fair ratings. I weigh in with the percentage of 3-5 star ratings vs 1-2 star ratings. And if it feels suspicious I don't buy it.

If I'm buying something which is fabric based like decor and clothing, I make sure that I read the details of the fabrics. Most of the times it is accurate, but a few times it's just a gimmick to make a sale.

There are things which you use for a few days and then just ready to throw it out. I tend to buy them with out further thoughts.

Now as for links which I have actually bought and used and I ended up with more or less liking or not returning the products are as following:

https://www.meesho.com/s/p/aa8wwt?utm_source=s_cc

https://www.meesho.com/s/p/etcpq9?utm_source=s_cc

https://www.meesho.com/s/p/8i0xlt?utm_source=s_cc

https://www.meesho.com/s/p/agqgkq?utm_source=s_cc

https://www.meesho.com/s/p/86vi9b?utm_source=s_cc

https://www.meesho.com/s/p/dheum2?utm_source=s_cc

https://www.meesho.com/s/p/arfl6c?utm_source=s_cc

https://www.meesho.com/s/p/7lml0y?utm_source=s_cc

https://www.meesho.com/s/p/68fedu?utm_source=s_cc

https://www.meesho.com/s/p/akgr0p?utm_source=s_cc

https://www.meesho.com/s/p/7ksdop?utm_source=s_cc

Hope that helps!!",https://www.reddit.com/r/IndianBeautyTalks/comments/1v8wuz9/comment/p095gax/?screen_view_count=3&ext-referrer=DIRECT,YES,not_applicable,advising,INTENT_GENUINE,,,consideration,,size,none,medium,2,5,I use my actual measurements to compare,True
Manual_18,Reddit,2026-08-19,myntra,"I wanted to buy cheap tshirts for wearing at home, got some from glitchez, the fabric is good but the sizes are pretty inconsistent.. in the size chart. for the same fit, eg relaxed fit.. one tshirt of M size has different dimensions and other has diff.. the thing is i'm pretty skinny and i get a good fit very rarely thats why i am a little pissed.",https://www.reddit.com/r/IndianFashionAddicts/comments/1tyd7g9/why_the_sizes_of_glitchez_brand_from_myntra_are/,YES,not_applicable,seeking,INTENT_GENUINE,BLOCK_CHART_UNRELIABLE,,consideration,Why are sizes inconsistent on the chart?,size,none,medium,3,5,sizes are pretty inconsistent.. in the size chart,True
Manual_20,Reddit,2026-08-19,myntra,"That was exactly my gripe too! I ordered a few items during the recent Myntra EORS, and despite all of them being size M, each one fit differently. The fabric quality was great, though. But choosing the right size during this sale where items were going OOS quickly felt like such a game of luck",https://www.reddit.com/r/IndianFashionAddicts/comments/1tyd7g9/why_the_sizes_of_glitchez_brand_from_myntra_are/,YES,not_applicable,seeking,,BLOCK_CHART_UNRELIABLE,,consideration,,size,none,low,3,5,each one fit differently,True
Manual_21,Reddit,2026-08-19,myntra,"Unknown brands don't spend on QC hence the discrepancy.

Try Jockey for decent quality and consistent fit.",https://www.reddit.com/r/IndianFashionAddicts/comments/1tyd7g9/why_the_sizes_of_glitchez_brand_from_myntra_are/,YES,not_applicable,advising,,,,consideration,,size,none,low,2,5,Unknown brands don't spend on QC hence the discrepancy,True
Manual_28,Reddit,2026-08-19,general,"I think it’s overly harsh to say, “this brand doesn’t respect us anymore.” Leave “us” out of it. I have a closet full of FBC. I wear sizes from XL to 2X. I always check the garment measurements to get a gauge of the sizes. I really love that they have those there in addition to the size chart. Occasionally, something is tad small or big. I don’t take it personally. And it’s not a huge deal to get it taken care of.",https://www.reddit.com/r/FashionBrandCompany/comments/1ln7lkv/sizing_discrepancies_have_ruined_the_brand/,YES,not_applicable,advising,,,,consideration,,size,none,low,1,5,I always check the garment measurements,True
Manual_30,Reddit,2026-08-19,general,"I was very surprised looking last night and realizing how styles can vary in size by like 5"" simply based on fabric type/color. That is super weird. But they are also upfront about it in the garment measurements...so I don't know what OP is complaining about.I guess they are mad that they can't read.",https://www.reddit.com/r/FashionBrandCompany/comments/1ln7lkv/sizing_discrepancies_have_ruined_the_brand/,YES,not_applicable,advising,,,,consideration,,size,none,low,1,5,"styles can vary in size by like 5""",True
Manual_31,Reddit,2026-08-19,general,"The measurements on the website seem to be accurate. If I check the measurements & buy accordingly, everything fits.

I recently discovered the brand after having a meltdown about other brands I used to buy from no longer fitting correctly (I think my body has just changed with age. Buying something at 30 just doesn’t look the same on my 37 year old body - even tho my weight is the same).",https://www.reddit.com/r/FashionBrandCompany/comments/1ln7lkv/sizing_discrepancies_have_ruined_the_brand/,YES,not_applicable,advising,,,,consideration,,size,none,low,1,5,"If I check the measurements & buy accordingly, everything fits",True
Manual_32,Reddit,2026-08-19,general,"That’s a lot. I know it’s frustrating but, have you checked the measurements? I’ve struggled size wise a bit lately, and it’s come down to fabrics without give vs. fabrics that have stretch. I can range from an M to a 2XL depending on the fit here!

If the garments don’t match the measurements when they arrive, that’s understandable, but I imagine you’re just assuming you’re the same size across the board here. I feel for you! But it does take a bit of understanding to get the right fit.",https://www.reddit.com/r/FashionBrandCompany/comments/1ln7lkv/sizing_discrepancies_have_ruined_the_brand/,YES,not_applicable,advising,,,,consideration,,size,,low,1,5,have you checked the measurements?,True
Manual_33,Reddit,2026-08-19,myntra,"Yes this is very true. None of the clothes are designed to fit women over 55kg . Even the plus sized clothes are extremely ugly and also soooo long. I also don't understand why apps like myntra don't have a length section. I need 40 inch bust with 24 inch length. The L , Xl sizing is bullshit because all brands vary.",https://www.reddit.com/r/TwoXIndia/comments/wdh41f/comment/iiijklz/?screen_view_count=3&ext-referrer=DIRECT,YES,not_applicable,seeking,INTENT_GENUINE,BLOCK_LISTING_INCOMPLETE,BLOCK_CHART_UNRELIABLE,consideration,Why don't apps have a length section?,size,,medium,4,5,apps like myntra don't have a length section,True
Manual_35,Reddit,2026-08-19,myntra,I have given up on Indian wear. Tired of the overlong shapeless kurtas and extra wide bottom wear. I can't understand why these are trending. I am genuinely curious. Only option left is buying fabric and getting it custom stitched which is costlier.,https://www.reddit.com/r/TwoXIndia/comments/wdh41f/comment/iiijklz/?screen_view_count=3&ext-referrer=DIRECT,YES,not_applicable,seeking,,BLOCK_STYLING,BLOCK_DURABILITY_VALUE,discovery,Why are overlong shapeless kurtas trending?,styling,tailor,low,4,5,Tired of the overlong shapeless kurtas,True
Manual_36,Reddit,2026-08-19,myntra,I remember the kurtis which we used to get during the early - mid 2010's. Really well fitted and neither too long or too short. Companies have stopped making stuff in between as you have said. It's either too big or too small,https://www.reddit.com/r/TwoXIndia/comments/wdh41f/comment/iiijklz/?screen_view_count=3&ext-referrer=DIRECT,YES,not_applicable,seeking,,BLOCK_STYLING,,discovery,Why are clothes either too big or too small?,styling,,low,3,5,It's either too big or too small,True
Manual_40,Reddit,2026-08-19,westside,"I have been to westside a few times but I feel like I don't vibe much with their clothings, it doesn't seem to fit me much (I'm more of a curvy person as well as short :') )",https://www.reddit.com/r/IndianBeautyTalks/comments/1pqd1mv/comment/p2m38vi/?screen_view_count=1&ext-referrer=DIRECT,YES,not_applicable,seeking,,BLOCK_BODY_PROJECTION,,discovery,Does this brand suit a curvy and short body type?,styling,offline_store,low,3,5,it doesn't seem to fit me much,True
Manual_43,Reddit,2026-08-19,westside,Omg it's fine! It's best to check fitting offline and buy online (I do this for lifestyle especially cuz online pricing is generally lower). Hoping that you can find cool shit there💪,https://www.reddit.com/r/IndianBeautyTalks/comments/1pqd1mv/comment/p2m38vi/?screen_view_count=1&ext-referrer=DIRECT,YES,not_applicable,advising,,,,consideration,,fit,offline_store,medium,2,5,It's best to check fitting offline and buy online,True
Manual_44,Reddit,2026-08-19,fablestreet,"Yes! I crossposted it and someone recommended. Absolutely love the collection so far. Plenty of stuffs I was actually looking for. Though they all are a bit costly... so, I wanna be careful and absolutely certain before buying.",https://www.reddit.com/r/IndianBeautyTalks/comments/1pqd1mv/comment/p2m38vi/?screen_view_count=1&ext-referrer=DIRECT,YES,not_applicable,seeking,INTENT_PRICE_WATCH,BLOCK_DURABILITY_VALUE,,saved,Are these items worth the high cost?,durability,,medium,3,5,wanna be careful and absolutely certain before buying,True
Manual_47,Reddit,2026-08-19,general,"I always look at the size charts, but the number of times they have been extremely off is laughable. For example, I tried to order a Lily Pulitzer swimsuit. The size charts said I was a 0. I ended up with a size 6. Why even have a size chart at this point?",https://www.reddit.com/r/femalefashionadvice/comments/1mgrry5/how_do_you_actually_figure_out_your_sizing_when/,YES,not_applicable,seeking,,BLOCK_CHART_UNRELIABLE,,consideration,Why are size charts so inaccurate?,size,,low,4,5,,False
Manual_48,Reddit,2026-08-19,lululemon,"This has happened to me so many times. Especially with shorts. Size 14 shorts do not fit the same as size 14 jeans. Gotta size up or do a curvy line.. but then the curvy line in pants don’t fit. I’ve basically given up on jeans shorts at this point 😂

Also.. Bought a pair of size 10 bike shorts at Lululemon which is my usual size for leggings… they are so tight. I kept them but wtf?",https://www.reddit.com/r/femalefashionadvice/comments/1mgrry5/how_do_you_actually_figure_out_your_sizing_when/,YES,not_applicable,seeking,,BLOCK_CHART_UNRELIABLE,,consideration,Why do sizes vary so wildly across items?,size,,low,4,5,Size 14 shorts do not fit the same,True
Manual_49,Reddit,2026-08-19,lululemon,Lulu's sizing sucks. They 100% run small. They were one of the few brands I had to take a medium in when I could wear smalls in most other brands typically.,https://www.reddit.com/r/femalefashionadvice/comments/1mgrry5/how_do_you_actually_figure_out_your_sizing_when/,YES,not_applicable,seeking,,BLOCK_CHART_UNRELIABLE,,consideration,,size,,low,3,5,Lulu's sizing sucks. They 100% run small.,True
Manual_50,Reddit,2026-08-19,lululemon,"Yah, the sizing is very weird. The size 10 leggings are also from lulu. They fall down when I run, but my fleece leggings (also from there and also a size 10) fit perfectly. My running clothes from there range from a size 10-14.. and then I have one tank top I bought in a SMALL and somehow it magically fit? Like perfectly????

Old navy is also like a nightmare now. I have two of the same biker shorts except one is black and one is green and the green one might as well be a medium. The leggings I bought in mediums and they fit like smalls and the larges also run small..

Like why?

Edit; the biker shorts are both a size large.",https://www.reddit.com/r/femalefashionadvice/comments/1mgrry5/how_do_you_actually_figure_out_your_sizing_when/,YES,not_applicable,seeking,,BLOCK_CHART_UNRELIABLE,,consideration,Why is sizing so inconsistent within the same brand?,size,,low,4,5,the sizing is very weird.,True
Manual_58,Quora,2026-08-19,general,"You don’t, so buy what you are familiar with, otherwise you will have to return which is expensive.

This is no different than going into a store and buying off the rack without trying on.",https://www.quora.com/search?q=how%20do%20i%20know%20my%20size%20when%20shopping%20online,YES,not_applicable,advising,,,,decision,,,,low,2,5,otherwise you will have to return which is expensive,True
Manual_60,Quora,2026-08-19,general," take my fashion seriously, I purchase almost all of my clothes online, and I buy expensive clothes. Here are my guidelines.

I only buy from people or vendors who allow me to return things.

I try to buy only brands I alread know and trust and whose sizes I know I know with respect to my body.

I generally buy only from vendors I either know already to be trustworthy, or who have enormous amounts of positive feedback and no (or almost no) negative feedback from previous purchasers.

If it is an unknown product or seller, I research them online. If I have any uncertainty at all, I do not purchase, no matter how cute anything looks.

I avoid overseas purchases, especially from third world countries.",https://www.quora.com/search?q=how%20do%20i%20know%20my%20size%20when%20shopping%20online,YES,not_applicable,advising,,,,consideration,,reviews,google,low,2,5,"If I have any uncertainty at all, I do not purchase",True
Manual_62,Quora,2026-08-19,general,Sometime we i know my size mostly depend on type of dress i order small their my own size then fitging is good and some time i order acctually my own size and if i dont know my size then i use google tu search size my country size equal to other country size dress blah blah blah you know…,https://www.quora.com/search?q=how%20do%20i%20know%20my%20size%20when%20shopping%20online,YES,not_applicable,advising,,,,consideration,,size,google,low,2,5,if i dont know my size then i use google tu search,True
Manual_65,Quora,2026-08-19,general,"Speaking of lower body clothing only, I know from experience my waist size and my hip size. I’m a 10/12 in women’s sizing. Also, most websites have a button to tap for Sizing. Some are in centimeters and others are in inches.

One notable thing to check is the material it’s made from. Cotton does not stretch. Most others do. I recently bought a denim skirt and ordered the side that it said will fit me. It was a perfect fit.

panties are a preference. I have a brand I buy and I have all three sizes, small, medium and large. I’ll wear certain sizes for different occasions.

it’s really not difficult.",https://www.quora.com/search?q=how%20do%20i%20know%20my%20size%20when%20shopping%20online,YES,not_applicable,advising,,,,consideration,,fabric,,low,1,5,One notable thing to check is the material,True
Manual_66,Quora,2026-08-19,general,"I’ve done almost all my clothes shopping online for years. This is what has worked for me.

First, I go into retail stores (more than one) and I try on clothes. What fits? What looks good? What doesn’t? And I take careful notes as to stores, sizes, colors, designers, etc.

Then when I shop online I know exactly what I should or should not buy (even if it is on sale and a screamin’ deal) and what looks good on me.

Yes, I have had to return things, but rarely will that be because they are the wrong size. Most of the time when I return something it is because the quality is much lower than what was advertised.

As someone else mentioned, pick places that have a good return policy. If you do have to return something you don’t want any hassles.

Good luck!",https://www.quora.com/search?q=how%20do%20i%20know%20my%20size%20when%20shopping%20online,YES,not_applicable,advising,,,,consideration,,fit,offline_store,low,2,5,,False
Manual_68,Quora,2026-08-19,general,"The best way to find clothes that fit, especially when you’re shopping online, is to know your measurements in inches and centimeters. That’s the only way you’ll be able to determine if a specific size is a good match for your body. Sometimes sites are off on this, too, but it’s at least the most reliable method you can use.

I wouldn’t put too much thought into sizes in stores. Since there is no uniform sizing chart that all retailers use, be prepared to fluctuate in “size” every time you walk into a store and try on clothes from different brands.

What matters most with clothes is fit. Well fit clothes make you look fabulous, so focus on that and forget the number.",https://www.quora.com/search?q=how%20do%20i%20know%20my%20size%20when%20shopping%20online,YES,not_applicable,advising,,,,consideration,,size,,low,2,5,know your measurements in inches and centimeters,True
Manual_69,Quora,2026-08-19,general,"I buy children’s apparel from a mix of platforms chosen for price, selection, and reliability. Typical preferences and reasons:

Myntra
Strengths: large brand variety, frequent sales (End of Reason, Big Fashion Days), strong filtering (size, age, brand), easy returns.
Best for: branded clothes, trend-led styles, quick deals.
FirstCry
Strengths: focused on baby and kids, wide range of essentials (onesies, diapers, feeding), specialized size guides for infants, curated baby care categories.
Best for: newborns and toddlers, baby gear bundled with clothing.
Hopscotch
Strengths: boutique and premium kids’ labels, better for curated or designer children’s wear, periodic exclusive collections.
Best for: special-occasion outfits, higher-end / unique pieces.
Other platforms worth using
Amazon India: comprehensive selection, Prime delivery, frequent discounts; useful for basics and fast replacements.
Flipkart: competitive pricing and brand sales; good alternative when specific styles are unavailable elsewhere.
Ajio: fashion-forward kids’ wear, good mix of affordable and premium brands.
Limeroad: creative prints and mix-and-match options; good for casual and playful styles.
Etsy: handmade and custom pieces (useful for unique gifts or personalized items).
Brand websites (H&M, Gap, Zara, Mothercare): best for consistent sizing, better quality control, sometimes exclusive lines.
Buying strategy (practical):

Compare across two platforms for price + coupon stacking (Myntra vs FirstCry vs Amazon).
Use size charts and measure child’s chest/height to avoid returns.
Prioritize material for comfort (cotton for daily wear; blends for durability).
Buy basics in neutral sizes + seasonal fashion items sparingly.
Keep track of return policies—FirstCry and Myntra usually have kid-friendly return windows.
Examples of typical choices:

Newborn essentials → FirstCry for convenience and bundled packs.
Everyday tees, jeans, activewear → Myntra or Amazon for price and frequent restock.
Party or designer outfits → Hopscotch, Ajio, or brand stores for curated options.
Choose the platform by matching your immediate need (essentials vs fashion vs specialty) and then compare price, delivery time, and returns.",https://www.quora.com/search?q=myntra%20vs%20ajio%20which%20is%20better,YES,not_applicable,advising,,,,consideration,,size,,low,2,5,Use size charts and measure child’s chest/height,True
Manual_70,Quora,2026-08-19,myntra,"Yep.

It's not just you.

I put an item on wishlist that cost less than 3k. Next day, the price was over 4k.

Then I tried with another product that cost less than 2k. The next day the product went just a little above 4k.",https://www.quora.com/unanswered/How-many-products-do-people-put-in-their-Myntra-wishlist-usually-What-are-the-key-reasons-for-saving-products-to-the-wishlist,YES,not_applicable,seeking,INTENT_PRICE_WATCH,BLOCK_DURABILITY_VALUE,,saved,Why did the wishlist price suddenly increase?,,,low,3,5,"Next day, the price was over 4k.",True
Manual_72,Quora,2026-08-19,myntra,"Depending on the demand of the product and The availability of the product by the supplier the products are available for sell on website. It may take a week or two..even it can take a month or two.

Can’t say anything clearly. But yes you can subscribe to that product from email. So whenever the product is instock you will get a notification of its availability.",https://www.quora.com/unanswered/How-many-products-do-people-put-in-their-Myntra-wishlist-usually-What-are-the-key-reasons-for-saving-products-to-the-wishlist,YES,not_applicable,advising,,,,saved,,,,low,1,5,whenever the product is instock you will get a notification,True
Manual_73,Quora,2026-08-19,myntra,Yes i also noticed yhis….some of my selected items were almost triple price when i added to wishlist…..better save link and keep checking in between…i think they di deliberately,https://www.quora.com/unanswered/How-many-products-do-people-put-in-their-Myntra-wishlist-usually-What-are-the-key-reasons-for-saving-products-to-the-wishlist,YES,not_applicable,advising,INTENT_PRICE_WATCH,,,saved,,,,medium,2,5,better save link and keep checking in between,True
Manual_78,Quora,2026-08-19,myntra,"I am not addicted to online shopping but sometimes rarely i order and its mostly from shein…they are good very good…the image I had in my mind is always fulfilled .But sometimes you need to have a wild guess if it would suit you well or look as it is in the shown image ??! I always wanted to order a lingerie set …I am a type of introvert person …so I can't go and buy one in the shops and explain the shopkeeper the details I needed …so I decided to buy it online..

It was very hot ,net type lingerie set ..dark maroon striped and net…idk I had a innervoice it may not fit well as it was looking in the picture..But I was tempted n I ordered it it was around 470 inr.. I obviously ordered it with other tops to cut delivery chargers ..I rmbr one of my girlfriend told me it may not be as good as the image but I had already ordered it n was very excited so I decided not to cancel it..

And the day it arrived …I was so disappointed it was very weirdly loose and not at all hot..it's sitting as a total waste in my closet .!!

I should have listened to myself and my friend.. shein has a 60 day return so I have no option for returning ..

So always see the reviews ,size chart,type and then order anything online!",https://www.quora.com/search?q=online%20clothes%20shopping%20experience,YES,not_applicable,seeking,INTENT_GENUINE,BLOCK_BODY_PROJECTION,BLOCK_IMAGE_DISTRUST,post_purchase,if it would suit you well or look as it is in the shown image,fit,friends,low,4,5,wild guess if it would suit you well,True
